GEOID,Name,CSA,Population,Housing Units,Land Area,Water Area,Latitude,Longitude
10100,"Aberdeen, SD",,40602,18672,7352814243,111579584,45.519435,-98.7007
10140,"Aberdeen, WA",,72797,35166,4926225833,834957671,47.113732,-123.826735
10180,"Abilene, TX",,165252,69721,7105575299,36849277,32.452022,-99.718743
10220,"Ada, OK",,37492,16595,1865918266,12405563,34.721445,-96.69197
10300,"Adrian, MI",220,99892,43452,1941337767,30701176,41.896022,-84.074356
10380,"Aguadilla-Isabela, PR",,339441,153047,1222481389,358955818,18.356965,-67.007895
10420,"Akron, OH",184,703200,312581,2331323747,62134061,41.146639,-81.35011
10460,"Alamogordo, NM",,63797,30992,17128132348,37018891,32.615599,-105.751308
10500,"Albany, GA",,153857,64408,4119669781,47164777,31.589303,-84.174913
10540,"Albany-Lebanon, OR",440,116672,48821,5931407318,48773626,44.488898,-122.537208
10580,"Albany-Schenectady-Troy, NY",104,870716,393297,7281892392,172655035,42.78792,-73.942348
10620,"Albemarle, NC",172,60585,27110,1023267267,25262146,35.310449,-80.254374
10660,"Albert Lea, MN",,31255,14231,1831346129,39715485,43.674202,-93.350289
10700,"Albertville, AL",,93019,40342,1465522757,148503356,34.309564,-86.321668
10740,"Albuquerque, NM",106,887077,374404,24041559464,37970033,35.123496,-106.458392
10760,"Alexander City, AL",388,53155,28589,3541671132,168755442,32.863308,-85.799618
10780,"Alexandria, LA",,153922,64570,5078935287,169184339,31.325348,-92.546803
10820,"Alexandria, MN",,36009,19905,1650598293,214205330,45.936829,-95.462156
10860,"Alice, TX",204,52620,21670,6885345647,14217788,27.733516,-98.090814
10900,"Allentown-Bethlehem-Easton, PA-NJ",,821173,342200,3763809464,58700377,40.789339,-75.398158
10940,"Alma, MI",394,42476,16339,1472313856,8150717,43.292326,-84.60469
10980,"Alpena, MI",,29598,16053,1481110566,2908717141,44.894954,-83.426574
11020,"Altoona, PA",107,127089,56276,1361815301,3285521,40.497922,-78.310636
11060,"Altus, OK",,26446,12077,2078856062,4114418,34.594006,-99.412235
11100,"Amarillo, TX",108,251933,103387,13337858589,88089187,35.247897,-101.908638
11140,"Americus, GA",,37829,16117,1682463448,28164330,32.098355,-84.224304
11180,"Ames, IA",218,115848,48545,2963949711,7516970,42.037538,-93.466093
11220,"Amsterdam, NY",104,50219,23063,1043875858,18939233,42.900891,-74.435357
11260,"Anchorage, AK",,380821,154361,68149269161,2346598386,62.212784,-149.678222
11380,"Andrews, TX",,14786,5814,3886829704,957046,32.312258,-102.640206
11420,"Angola, IN",258,34185,19377,800149001,35034127,41.643467,-85.002405
11460,"Ann Arbor, MI",220,344791,147573,1828442046,42615161,42.252217,-83.843423
11500,"Anniston-Oxford, AL",,118572,53289,1569189995,16624267,33.771706,-85.822513
11540,"Appleton, WI",118,225666,92844,2475405126,222495895,44.290603,-88.372326
11580,"Arcadia, FL",412,34862,14590,1649975818,6274597,27.190581,-81.806253
11620,"Ardmore, OK",,56980,25687,3460665702,77668387,34.251848,-97.287927
11640,"Arecibo, PR",490,199471,85803,613218057,231817102,18.439224,-66.759981
11660,"Arkadelphia, AR",,22995,10385,2243121932,43395997,34.053316,-93.176208
11700,"Asheville, NC",120,424858,213637,5265449402,21840719,35.595669,-82.681615
11740,"Ashland, OH",360,53139,22141,1095434931,9969455,40.843273,-82.270127
11780,"Ashtabula, OH",184,101497,46099,1817993244,1724857052,41.906637,-80.745592
11820,"Astoria, OR",,37039,21546,2147227903,661312521,46.024509,-123.705034
11860,"Atchison, KS",312,16924,6990,1116729659,6857598,39.532544,-95.313397
11900,"Athens, OH",,64757,26385,1304313482,12542538,39.332604,-82.045844
11940,"Athens, TN",174,52266,23341,1114018337,5331264,35.424472,-84.619949
11980,"Athens, TX",206,78532,39595,2262997188,193170040,32.211633,-95.853418
12020,"Athens-Clarke County, GA",122,192541,81719,2654252197,26471841,33.943984,-83.213897
12060,"Atlanta-Sandy Springs-Alpharetta, GA",122,5286728,2172967,22496352279,387884302,33.693728,-84.399911
12100,"Atlantic City-Hammonton, NJ",428,274549,126647,1439267859,300755451,39.469355,-74.633759
12120,"Atmore, AL",426,38319,16486,2447746932,20873208,31.122287,-87.16841
12140,"Auburn, IN",258,42223,17558,939710824,2657410,41.401189,-85.000185
12180,"Auburn, NY",532,80026,36489,1791189978,445707605,43.008546,-76.574587
12220,"Auburn-Opelika, AL",194,140247,62391,1573510728,21530362,32.604064,-85.353048
12260,"Augusta-Richmond County, GA-SC",,564873,241735,9014878033,262871230,33.460371,-81.982833
12300,"Augusta-Waterville, ME",,122151,60972,2246876912,216653706,44.417012,-69.765764
12380,"Austin, MN",462,39163,17027,1842332613,617163,43.666249,-92.759514
12420,"Austin-Round Rock-Georgetown, TX",,1716289,706505,10929465393,155886991,30.239513,-97.69127
12460,"Bainbridge, GA",,27842,12125,1546584607,67412720,30.880597,-84.583895
12540,"Bakersfield, CA",,839631,284367,21061565098,79577235,35.346629,-118.729506
12580,"Baltimore-Columbia-Towson, MD",548,2710489,1132251,6737801281,1304173592,39.304361,-76.549501
12620,"Bangor, ME",,153923,73860,8799125852,413670635,45.409284,-68.666616
12660,"Baraboo, WI",357,61976,29708,2152025932,45881330,43.428001,-89.943318
12680,"Bardstown, KY",350,43437,18075,1081351761,17000268,37.80312,-85.465931
12700,"Barnstable Town, MA",148,215888,160281,1019738402,2361587952,41.799014,-70.21188
12740,"Barre, VT",162,59534,29941,1779926134,21213229,44.274988,-72.609514
12780,"Bartlesville, OK",538,50976,23451,1076020808,22829387,36.70438,-95.906155
12860,"Batavia, NY",464,60079,25589,1276697637,6142600,43.00091,-78.192778
12900,"Batesville, AR",,53911,26009,3544118308,24766535,35.737499,-91.559942
12940,"Baton Rouge, LA",,825905,340080,11306786272,552924656,30.57089,-91.134533
12980,"Battle Creek, MI",310,136146,61042,1829135298,31390284,42.24299,-85.012385
13020,"Bay City, MI",474,107771,48220,1145557748,487991946,43.699711,-83.978701
13060,"Bay City, TX",288,36702,18801,2849700666,1326679773,28.77476,-96.001532
13100,"Beatrice, NE",339,22311,10446,2205352156,21928736,40.255234,-96.683453
13140,"Beaumont-Port Arthur, TX",,388745,162334,5440350393,749025469,30.347833,-94.120371
13180,"Beaver Dam, WI",376,88759,37005,2267857853,81401698,43.422659,-88.704396
13220,"Beckley, WV",,124898,57549,3281257005,27957038,37.905325,-81.164436
13260,"Bedford, IN",144,46134,21074,1163339936,7150614,38.839815,-86.48782
13300,"Beeville, TX",,31861,10649,2279809490,246410,28.416077,-97.742586
13340,"Bellefontaine, OH",198,45858,23181,1187326601,21608810,40.387553,-83.766343
13380,"Bellingham, WA",,201140,90665,5456733620,1027224451,48.842653,-121.836432
13420,"Bemidji, MN",,44442,20527,6487764440,1426606363,47.879508,-95.00505
13460,"Bend, OR",140,157733,80139,7817065156,94747043,43.915118,-121.225575
13500,"Bennettsville, SC",,28933,12072,1242350170,14504245,34.60167,-79.679435
13540,"Bennington, VT",,37125,20922,1748190656,6931622,43.035325,-73.11146
13620,"Berlin, NH",,33055,21321,4648212655,90777672,44.698624,-71.42165
13660,"Big Rapids, MI",266,42798,21131,1437626850,41759550,43.635295,-85.332751
13700,"Big Spring, TX",,35012,13124,2333038341,8841951,32.091772,-101.467644
13720,"Big Stone Gap, VA",,45410,19885,1063628769,5373681,37.025296,-82.509943
13740,"Billings, MT",,167167,75187,16776471209,99315058,45.775175,-108.726537
13780,"Binghamton, NY",,251725,112766,3171097900,36329058,42.163928,-76.022943
13820,"Birmingham-Hoover, AL",142,1061024,469209,11624698132,197508023,33.462372,-86.814338
13900,"Bismarck, ND",,110625,48738,11088863139,164460600,46.726594,-100.996096
13940,"Blackfoot, ID",292,45607,16141,5423378296,68447717,43.216357,-112.399206
13980,"Blacksburg-Christiansburg, VA",,162958,70550,2777824996,43931313,37.121364,-80.531517
14010,"Bloomington, IL",145,169572,69656,3064933852,7490543,40.405593,-88.861307
14020,"Bloomington, IN",144,159549,69198,2019665814,50113560,39.241736,-86.671754
14100,"Bloomsburg-Berwick, PA",146,85562,37463,1588570362,23670819,41.040404,-76.461654
14140,"Bluefield, WV-VA",,114166,54206,3355495676,9995219,37.248463,-81.359375
14180,"Blytheville, AR",,46480,20459,2332475973,49826380,35.766944,-90.052207
14220,"Bogalusa, LA",406,47168,21039,1734061145,16471724,30.852144,-90.046253
14260,"Boise City, ID",147,616561,246052,30472746731,175572982,43.006648,-116.141909
14300,"Bonham, TX",206,33915,14191,2307256396,20841602,33.591161,-96.104988
14380,"Boone, NC",,51079,32137,809515805,2322130,36.235368,-81.709888
14420,"Borger, TX",108,22150,10629,2298404081,19511584,35.837047,-101.362746
14460,"Boston-Cambridge-Newton, MA-NH",148,4552402,1883206,9032348482,2654879699,42.517606,-71.021993
14500,"Boulder, CO",216,294567,127071,1881080439,36469028,40.09497,-105.397691
14540,"Bowling Green, KY",150,158599,68874,4182594689,62150353,37.046821,-86.397068
14580,"Bozeman, MT",,89513,42289,6740934490,76086709,45.518054,-111.163921
14620,"Bradford, PA",,43450,21225,2536109386,13007418,41.81459,-78.572463
14660,"Brainerd, MN",,91067,65083,7823413217,1424487870,46.767291,-94.223862
14700,"Branson, MO",,51675,29255,1638002904,49736703,36.695008,-93.223561
14720,"Breckenridge, CO",,27994,29842,1575639358,28282990,39.621023,-106.137555
14740,"Bremerton-Silverdale-Port Orchard, WA",500,251133,107367,1022893152,442829766,47.639687,-122.649636
14780,"Brenham, TX",288,33718,15514,1564232347,46094330,30.215075,-96.410272
14820,"Brevard, NC",120,33090,19163,980383414,5140678,35.210079,-82.816653
14860,"Bridgeport-Stamford-Norwalk, CT",408,916829,361221,1618456437,549162331,41.227413,-73.367061
15020,"Brookhaven, MS",298,34869,15255,1518030804,5334341,31.535216,-90.453566
15060,"Brookings, OR",,22364,12613,4215100613,934686544,42.466439,-124.210929
15100,"Brookings, SD",,31965,13137,2051804629,32967600,44.376675,-96.797797
15140,"Brownsville, TN",297,18787,8315,1380753077,2457129,35.586678,-89.282691
15180,"Brownsville-Harlingen, TX",154,406220,141924,2307478146,998531503,26.102923,-97.478958
15220,"Brownwood, TX",,38106,18287,2446070964,32428770,31.764137,-98.998456
15260,"Brunswick, GA",,112370,58022,3331797761,828613060,31.301739,-81.588909
15340,"Bucyrus-Galion, OH",360,43784,20167,1040620962,2359241,40.848524,-82.924783
15380,"Buffalo-Cheektowaga, NY",160,1135509,519094,4053467047,2075800539,43.044371,-78.777335
15420,"Burley, ID",,43021,16037,8605681272,53191915,42.369199,-113.642424
15460,"Burlington, IA-IL",161,47656,22362,2059028580,77634664,40.867523,-91.064281
15500,"Burlington, NC",268,151131,66576,1098007863,27957457,36.043954,-79.400573
15540,"Burlington-South Burlington, VT",162,211261,92358,3242912847,657476013,44.689117,-73.041171
15580,"Butte-Silver Bow, MT",,34200,16717,1860847940,1488572,45.896232,-112.660071
15620,"Cadillac, MI",,47584,25853,2925981930,50678637,44.328738,-85.326429
15660,"Calhoun, GA",174,55186,22278,921538864,5787657,34.509667,-84.873862
15680,"California-Lexington Park, MD",548,105151,41282,925092041,1054309969,38.220289,-76.530384
15700,"Cambridge, MD",480,32618,16554,1400575316,1145393243,38.429196,-76.047433
15740,"Cambridge, OH",198,40087,19193,1352631007,15666026,40.056665,-81.497875
15780,"Camden, AR",,31488,16018,3525917076,27976624,33.56752,-92.708221
15820,"Campbellsville, KY",,35770,16188,1430609519,34305932,37.36621,-85.328059
15860,"Cañon City, CO",444,46824,19242,3970627343,2235395,38.45517,-105.424958
15940,"Canton-Massillon, OH",184,404422,178913,2511976008,24820761,40.711072,-81.261474
15980,"Cape Coral-Fort Myers, FL",163,618754,371099,2031879249,1108380339,26.559035,-81.891994
16020,"Cape Girardeau, MO-IL",164,96275,42500,3708732573,72971536,37.325936,-89.762639
16060,"Carbondale-Marion, IL",,139157,64535,3491680928,122892380,37.757331,-89.193181
16100,"Carlsbad-Artesia, NM",,53829,22585,10815079253,56452500,32.457835,-104.306434
16140,"Carroll, IA",,20816,9376,1474835105,2145362,42.039492,-94.867647
16180,"Carson City, NV",456,55274,23534,374672985,32587486,39.15306,-119.747379
16220,"Casper, WY",,75450,33807,13831446772,91460814,42.977645,-106.768219
16260,"Cedar City, UT",,46163,19667,8538363871,11393799,37.909304,-113.30674
16300,"Cedar Rapids, IA",168,257940,112257,5202679068,29091938,42.086329,-91.631144
16340,"Cedartown, GA",122,41475,16908,803754838,4686006,33.996015,-85.188338
16380,"Celina, OH",338,40814,17633,1197736887,28427397,40.535333,-84.632059
16420,"Central City, KY",,31499,13699,1209728681,31912449,37.213816,-87.134092
16460,"Centralia, IL",476,39437,18296,1482413602,9512893,38.648106,-88.920488
16500,"Centralia, WA",500,75455,34050,6223229463,86636927,46.580071,-122.377444
16540,"Chambersburg-Waynesboro, PA",548,149618,63219,2000050083,1546381,39.926772,-77.724521
16580,"Champaign-Urbana, IL",,217810,94838,3717844813,6182166,40.234489,-88.298623
16620,"Charleston, WV",170,278009,131452,6854193437,56295894,38.283213,-81.492557
16660,"Charleston-Mattoon, IL",,64921,28299,2212664935,7160649,39.423163,-88.242212
16700,"Charleston-North Charleston, SC",,664607,298542,6703350685,1488882450,33.021989,-80.012043
16740,"Charlotte-Concord-Gastonia, NC-SC",172,2243960,948028,14499133319,304869388,35.187295,-80.867491
16820,"Charlottesville, VA",,201559,89134,4258053333,35461362,37.85459,-78.578282
16860,"Chattanooga, TN-GA",174,528143,234440,5410402634,126530975,35.049361,-85.361158
16940,"Cheyenne, WY",,91738,40462,6956479515,4269807,41.29283,-104.660395
16980,"Chicago-Naperville-Elgin, IL-IN-WI",176,9461105,3797247,18639638965,6168811425,41.823521,-87.828297
17020,"Chico, CA",,220000,95835,4238423238,105325758,39.665959,-121.601919
17060,"Chillicothe, OH",198,78064,32148,1784988075,9937459,39.323897,-83.059536
17140,"Cincinnati, OH-KY-IN",178,2137667,920635,11792496485,201611016,39.069458,-84.427153
17220,"Clarksburg, WV",,94196,42918,2353000625,10811585,39.28835,-80.43153
17260,"Clarksdale, MS",,26151,10792,1430818231,79539470,34.22867,-90.603165
17300,"Clarksville, TN-KY",,273949,114145,5587753051,219549932,36.749207,-87.558283
17340,"Clearlake, CA",,64665,35492,3254227528,188962335,39.094802,-122.746757
17380,"Cleveland, MS",185,34145,14070,2270314566,75742120,33.799139,-90.88412
17420,"Cleveland, TN",174,115788,49386,1977295461,26793560,35.138117,-84.655079
17460,"Cleveland-Elyria, OH",184,2077240,955756,5173000356,5133662252,41.760392,-81.724217
17500,"Clewiston, FL",163,39140,14564,2985609243,96465484,26.539967,-81.152114
17540,"Clinton, IA",209,49116,21733,1799821282,39523759,41.898073,-90.534243
17580,"Clovis, NM",188,48376,20062,3638407189,8174297,34.572984,-103.346055
17620,"Coamo, PR",434,40512,16716,202050921,39408,18.1038,-66.357586
17640,"Coco, PR",490,31078,14380,179654880,115916687,17.971485,-66.262252
17660,"Coeur d'Alene, ID",518,138494,63177,3222267856,185180068,47.675966,-116.695922
17700,"Coffeyville, KS",,35471,16578,1666728264,20601764,37.189537,-95.742403
17740,"Coldwater, MI",310,45248,20841,1311488743,34465281,41.918455,-85.066885
17780,"College Station-Bryan, TX",,228660,95016,5439375936,86113684,30.754392,-96.488537
17820,"Colorado Springs, CO",,645613,265495,6951156867,12056152,38.845507,-104.638728
17860,"Columbia, MO",190,190387,81596,4439311561,45749538,38.989861,-92.310202
17900,"Columbia, SC",192,767598,331470,9590077580,339992462,34.077585,-81.037845
17980,"Columbus, GA-AL",194,307788,133996,7216368667,82670387,32.436836,-84.900879
18020,"Columbus, IN",294,76794,33098,1053886348,6778454,39.205843,-85.897999
18060,"Columbus, MS",200,59779,26556,1309262931,28374834,33.471424,-88.439723
18100,"Columbus, NE",,32237,13378,1745805649,27272400,41.576866,-97.513467
18140,"Columbus, OH",198,1901974,820968,12422867214,139301914,39.968562,-82.835911
18180,"Concord, NH",148,146445,63541,2419349805,57836323,43.299579,-71.680041
18220,"Connersville, IN",458,24277,10898,556883990,384034,39.639655,-85.185031
18260,"Cookeville, TN",,106042,48020,2960112930,36303990,36.277251,-85.468501
18300,"Coos Bay, OR",,63043,30593,4134068696,544389499,43.18591,-124.094133
18380,"Cordele, GA",,23439,10734,705987965,21672328,31.915149,-83.753531
18420,"Corinth, MS",539,37057,17077,1036092671,3425827,34.886569,-88.581109
18460,"Cornelia, GA",122,43041,18146,716752092,5919798,34.634392,-83.525875
18500,"Corning, NY",236,98990,48875,3601531651,35027245,42.266725,-77.385525
18580,"Corpus Christi, TX",204,405027,167554,3967687292,884765917,27.898931,-97.401236
18620,"Corsicana, TX",206,47735,20234,2614922711,197639165,32.048448,-96.476909
18660,"Cortland, NY",296,49336,20577,1291782573,7144297,42.594039,-76.07624
18700,"Corvallis, OR",440,85579,36245,1750680238,6917958,44.493882,-123.424664
18740,"Coshocton, OH",,36901,16545,1460529028,9244955,40.29671,-81.930109
18780,"Craig, CO",525,13795,6196,12285064917,19741780,40.610864,-108.217154
18820,"Crawfordsville, IN",294,38124,16535,1306941391,2155351,40.040296,-86.892715
18860,"Crescent City, CA",,28610,11186,2606493856,578525663,41.763958,-124.003614
18880,"Crestview-Fort Walton Beach-Destin, FL",,235865,137539,5096764676,916340688,30.641097,-86.367692
18900,"Crossville, TN",,56053,28151,1763847584,9825917,35.952398,-84.994761
18980,"Cullman, AL",142,80406,37054,1903228333,52266921,34.131923,-86.869267
19000,"Cullowhee, NC",,54252,34671,2638552757,42574375,35.281052,-83.119962
19060,"Cumberland, MD-WV",,103299,46350,1947638700,18549286,39.532185,-78.807082
19100,"Dallas-Fort Worth-Arlington, TX",206,6366542,2499617,22456949511,871823092,32.822558,-97.025131
19140,"Dalton, GA",174,142227,55878,1644460784,7218234,34.796956,-84.856279
19180,"Danville, IL",,81625,36318,2326763569,7534481,40.186754,-87.726778
19220,"Danville, KY",,53174,23131,1331936098,12884369,37.507848,-84.735684
19260,"Danville, VA",,106561,53745,2620744271,26543739,36.811853,-79.400122
19300,"Daphne-Fairhope-Foley, AL",380,182265,104061,4117521611,1133190229,30.659218,-87.746067
19340,"Davenport-Moline-Rock Island, IA-IL",209,379690,167110,5879046574,113760821,41.39168,-90.460076
19420,"Dayton, TN",174,31809,14365,816822960,54463425,35.60059,-84.949548
19430,"Dayton-Kettering, OH",212,799232,367272,3320009472,21713133,39.831513666666666,-84.137966
19460,"Decatur, AL",290,153829,66422,3289322887,119753325,34.489361,-87.097147
19500,"Decatur, IL",,110768,50475,1503976676,13406333,39.860237,-88.961529
19540,"Decatur, IN",258,34387,13014,878079128,2430463,40.745733,-84.93613
19580,"Defiance, OH",,39037,16729,1065675702,7069453,41.321679,-84.486433
19620,"Del Rio, TX",,48879,18651,8144863995,227711342,29.875285,-101.143324
19660,"Deltona-Daytona Beach-Ormond Beach, FL",422,590289,302821,4108996406,1079422341,29.1789,-81.189023
19700,"Deming, NM",,25095,10999,7679802477,431981,32.184523,-107.747191
19740,"Denver-Aurora-Lakewood, CO",216,2543482,1078837,21616193637,147195842,39.434749,-104.901209
19760,"DeRidder, LA",217,35654,15040,2997501973,21999317,30.645018,-93.340253
19780,"Des Moines-West Des Moines, IA",218,606475,256384,9360514790,79397720,41.54486,-93.943487
19820,"Detroit-Warren-Dearborn, MI",220,4296250,1886537,10070921766,899173222,42.721848,-83.200846
19860,"Dickinson, ND",,24982,11219,6432464057,26107561,46.817031,-102.662026
19940,"Dixon, IL",221,36031,15049,1877472815,10506478,41.747442,-89.299351
19980,"Dodge City, KS",,33848,12005,2844508251,2097359,37.688416,-99.884748
20020,"Dothan, AL",222,145639,66897,4444374403,33492066,31.245528,-85.46919
20060,"Douglas, GA",,50731,20583,2368489473,84705089,31.549245,-82.84494
20100,"Dover, DE",428,162310,65338,1518196116,549470508,39.097088,-75.502982
20140,"Dublin, GA",,65299,28480,3392216188,46026482,32.530337,-82.856611
20180,"DuBois, PA",524,81642,38644,2964816225,23933885,41.000249,-78.473749
20220,"Dubuque, IA",,93653,38951,1575501687,21569071,42.463481,-90.878771
20260,"Duluth, MN-WI",,290637,149220,27252398486,4358643522,47.329703,-92.37627
20300,"Dumas, TX",,21904,7881,2330188778,25718171,35.835676,-101.890502
20340,"Duncan, OK",,45048,20658,2253922744,54698972,34.481361,-97.855607
20420,"Durango, CO",,51334,25860,4382462547,19760255,37.287367,-107.839718
20460,"Durant, OK",206,42416,19586,2342567959,102228720,33.964004,-96.264137
20500,"Durham-Chapel Hill, NC",450,564273,245587,5931097605,154603314,35.995536,-79.09699
20540,"Dyersburg, TN",,38335,16703,1326920403,36780572,36.054196,-89.398306
20580,"Eagle Pass, TX",,54258,17462,3313264152,32425873,28.729787,-100.316678
20660,"Easton, MD",548,37782,19577,695511159,539409159,38.748349,-76.178476
20700,"East Stroudsburg, PA",408,169842,80359,1575452175,23238961,41.05624,-75.329065
20740,"Eau Claire, WI",232,161151,69336,4264041775,104046834,44.938672,-91.284322
20780,"Edwards, CO",233,52197,31312,4362911978,18806424,39.626992,-106.695169
20820,"Effingham, IL",,34242,14570,1240027936,3183199,39.047945,-88.592849
20900,"El Campo, TX",288,41280,17127,2813115336,21289070,29.27848,-96.229674
20940,"El Centro, CA",,174528,56067,10817352524,790247942,33.040814,-115.3554
20980,"El Dorado, AR",,41639,19653,2691552718,41401571,33.168219,-92.598145
21020,"Elizabeth City, NC",545,54114,23819,1227574197,374082155,36.265199,-76.260691
21060,"Elizabethtown-Fort Knox, KY",350,148338,61195,3082656439,72640854,37.73298,-85.972171
21120,"Elk City, OK",,22119,9647,2335665049,5527162,35.270601,-99.690057
21140,"Elkhart-Goshen, IN",515,197559,77767,1199605640,12432308,41.600693,-85.863986
21180,"Elkins, WV",,29405,14189,2692760964,687610,38.781095,-79.867788
21220,"Elko, NV",,50805,20642,55284633739,96841841,40.906086,-115.554577
21260,"Ellensburg, WA",,40915,21900,5949903934,92370342,47.124441,-120.676709
21300,"Elmira, NY",236,88830,38369,1055035677,8877179,42.15528,-76.747179
21340,"El Paso, TX",238,804123,271834,14461654866,8062255,31.527394,-105.521333
21380,"Emporia, KS",,36480,16740,4197164638,32660392,38.455403,-96.161641
21420,"Enid, OK",,60580,26831,2741414396,4140336,36.378273,-97.787729
21460,"Enterprise, AL",,49948,22330,1758528786,3944730,31.402258,-85.989602
21500,"Erie, PA",240,280566,119138,2069799485,1966000953,42.117952,-80.096386
21540,"Escanaba, MI",,37069,20214,3033124287,2124381333,45.805229,-86.901938
21580,"Española, NM",106,40246,19638,15179497392,91459754,36.509669,-106.693983
21640,"Eufaula, AL-GA",,29970,13876,2683522053,75023010,31.867281,-85.335032
21660,"Eugene-Springfield, OR",,351715,156112,11792524334,437051225,43.928329,-122.89769
21700,"Eureka-Arcata, CA",,134623,61559,9241044673,1254256396,40.706655,-123.926176
21740,"Evanston, WY",,21118,8713,5390449560,16341665,41.284726,-110.558947
21780,"Evansville, IN-KY",,311552,138733,3793116721,125504216,38.02007,-87.586166
21820,"Fairbanks, AK",,97581,41783,19005874393,273188119,64.676044,-146.548159
21840,"Fairfield, IA",,16843,7594,1127964789,3538407,41.005888,-91.966634
21860,"Fairmont, MN",,20840,10009,1844971122,44621825,43.677118,-94.537252
21900,"Fairmont, WV",390,56418,26463,799620921,7207890,39.505839,-80.243402
21980,"Fallon, NV",,24877,10826,12769826211,242422024,39.53771,-118.264166
22020,"Fargo, ND-MN",244,208777,91897,7278651684,26532995,46.914859,-96.960183
22060,"Faribault-Northfield, MN",378,64142,24453,1283814887,52450706,44.350734,-93.298505
22100,"Farmington, MO",476,65359,28458,1170380864,7217225,37.810707,-90.473868
22140,"Farmington, NM",,130044,49341,14278776370,65673845,36.511624,-108.324578
22180,"Fayetteville, NC",246,481061,200466,4242518714,36056134,35.037956,-78.982209
22220,"Fayetteville-Springdale-Rogers, AR",,440121,188373,6795037746,129025700,36.197633,-94.119897
22260,"Fergus Falls, MN",,57303,35594,5107632889,653895064,46.405727,-95.714581
22280,"Fernley, NV",456,51980,22547,5183049296,59602504,39.022213,-119.197425
22300,"Findlay, OH",534,74782,33174,1376210257,5959835,41.000471,-83.666034
22340,"Fitzgerald, GA",,17634,7942,647809208,9807089,31.740772,-83.147197
22380,"Flagstaff, AZ",,134421,63321,48222689085,109964090,35.829692,-111.773728
22420,"Flint, MI",220,425790,192180,1649763682,32658914,43.021077,-83.706372
22500,"Florence, SC",,205566,88963,3525278282,24377952,34.154902,-79.80759
22520,"Florence-Muscle Shoals, AL",,147137,69549,3264205264,214458292,34.799254,-87.719388
22540,"Fond du Lac, WI",,101633,43910,1863633125,119883005,43.754722,-88.493284
22580,"Forest City, NC",,67810,33878,1461144059,4399859,35.402747,-81.919582
22620,"Forrest City, AR",368,28258,10903,1644048592,20050191,35.014026,-90.742138
22660,"Fort Collins, CO",,299630,132722,6723613486,98295250,40.658093,-105.486764
22700,"Fort Dodge, IA",,38013,17035,1853443769,7277623,42.433579,-94.175831
22780,"Fort Leonard Wood, MO",,52274,17904,1416979227,11347396,37.824835,-92.207022
22800,"Fort Madison-Keokuk, IA-IL-MO",161,62105,28952,4703253937,127303174,40.478345,-91.409363
22820,"Fort Morgan, CO",,28159,11490,3316304952,34473998,40.263159,-103.81221
22840,"Fort Payne, AL",497,71109,31109,2012662359,4123588,34.460929,-85.803992
22860,"Fort Polk South, LA",217,52334,21433,3439271369,35158568,31.110563,-93.18152
22900,"Fort Smith, AR-OK",,248208,107443,6234447297,199594788,35.195534,-94.562533
23060,"Fort Wayne, IN",258,388621,166465,2571540843,13102239,41.006999,-85.216424
23140,"Frankfort, IN",320,33224,13321,1049126443,461117,40.305944,-86.477567
23180,"Frankfort, KY",336,70706,32291,1060803691,17352167,38.120504,-84.938336
23240,"Fredericksburg, TX",314,24837,12778,2740760701,8978625,30.325091,-98.941851
23300,"Freeport, IL",466,47711,22081,1462107736,1385932,42.349726,-89.665994
23340,"Fremont, NE",420,36691,16584,1369341649,37020463,41.577008,-96.645853
23380,"Fremont, OH",534,60944,26390,1057888420,23968158,41.355319,-83.142776
23420,"Fresno, CA",260,930450,315531,15431126407,137815999,36.761006,-119.655019
23460,"Gadsden, AL",,104430,47454,1385618994,35322991,34.047641,-86.034263
23500,"Gaffney, SC",273,55342,23997,1016981703,11705005,35.049796,-81.607647
23540,"Gainesville, FL",264,305076,140196,6068089364,1020297486,29.677957,-82.479869
23580,"Gainesville, GA",122,179684,68825,1017300166,94568081,34.317569,-83.8185
23620,"Gainesville, TX",206,38437,16606,2265615780,61333893,33.639196,-97.210343
23660,"Galesburg, IL",,52919,24077,1855453788,8849496,40.930945,-90.213792
23700,"Gallup, NM",,71492,25813,14114940579,14160591,35.583878,-108.253266
23780,"Garden City, KS",,40753,14832,5626776688,2959141,38.025453,-100.970695
23820,"Gardnerville Ranchos, NV",456,46997,23671,1838164305,72317550,38.905129,-119.609019
23860,"Georgetown, SC",396,60158,33672,2107076193,572646611,33.417531,-79.296333
23900,"Gettysburg, PA",276,101407,40820,1343342705,8081576,39.869471,-77.21773
23940,"Gillette, WY",,60424,26083,26042861879,43559711,44.191999,-105.517014
23980,"Glasgow, KY",150,52272,23869,2012902972,36267327,36.967571,-85.815497
24020,"Glens Falls, NY",104,128923,67570,4398151987,205532350,43.44045,-73.636757
24060,"Glenwood Springs, CO",233,73537,36262,10148247942,27900005,39.509542,-107.667311
24100,"Gloversville, NY",104,55531,28562,1283258864,96893251,43.115609,-74.423678
24140,"Goldsboro, NC",,122623,52949,1432488557,9752596,35.35419,-78.00867
24180,"Granbury, TX",206,51182,24951,1089456081,41924572,32.430149,-97.831677
24220,"Grand Forks, ND-MN",,98461,43954,8825395590,77140098,47.835929,-96.842681
24260,"Grand Island, NE",,72726,30198,4145293389,56274369,41.038567,-98.272835
24300,"Grand Junction, CO",,146723,62644,8622002815,31466745,39.019421,-108.461893
24330,"Grand Rapids, MN",,45058,27065,6909367239,674021189,47.490817,-93.611102
24340,"Grand Rapids-Kentwood, MI",266,993670,402395,6959605684,2893295596,42.978632,-85.811208
24380,"Grants, NM",,27213,11101,11757199036,5829909,34.928272,-107.99268
24420,"Grants Pass, OR",366,82713,38001,4246719858,5644013,42.386983,-123.571624
24460,"Great Bend, KS",,27674,12696,2319075093,13557185,38.481239,-98.767837
24500,"Great Falls, MT",,81327,37276,6988196577,34515098,47.316575,-111.350262
24540,"Greeley, CO",216,252825,96281,10326898753,76554163,40.555961,-104.383666
24580,"Green Bay, WI",267,306241,137212,4843832229,2534529372,44.474024,-87.99613
24620,"Greeneville, TN",,68831,32025,1611399661,5056718,36.179487,-82.847523
24660,"Greensboro-High Point, NC",268,723801,322754,5163845659,67109751,36.025204,-79.792633
24700,"Greensburg, IN",294,25740,11209,964946111,1955486,39.30598,-85.499831
24740,"Greenville, MS",,51137,21708,1877071141,94495559,33.273174,-90.944446
24780,"Greenville, NC",272,168148,74990,1688606138,7382149,35.59249,-77.372739
24820,"Greenville, OH",212,52959,22730,1549072326,4291078,40.131542,-84.621248
24860,"Greenville-Anderson, SC",273,824112,362189,7020826544,200497873,34.683709,-82.413423
24900,"Greenwood, MS",,42914,18251,3161809018,52273954,33.491305,-90.113633
24940,"Greenwood, SC",273,69661,31054,1177734978,21238099,34.190755,-82.296677
24980,"Grenada, MS",,21906,10155,1093251406,70698555,33.770031,-89.80274
25020,"Guayama, PR",490,84214,37946,328148208,235863408,17.979155,-66.069473
25060,"Gulfport-Biloxi, MS",,388488,174249,5739363657,2082770968,30.430245,-88.979736
25100,"Guymon, OK",,20640,8208,5286842403,19215744,36.746317,-101.483855
25180,"Hagerstown-Martinsburg, MD-WV",548,269140,115329,2610694066,27244859,39.542152,-77.899767
25200,"Hailey, ID",,22493,15881,9629781572,55875899,43.325486,-114.19734
25220,"Hammond, LA",406,121097,50073,2049391733,82862999,30.621531,-90.40663
25260,"Hanford-Corcoran, CA",260,152982,43867,3598582308,5468555,36.072478,-119.81553
25300,"Hannibal, MO",448,38948,18009,2348353863,55511684,39.664115,-91.579179
25420,"Harrisburg-Carlisle, PA",276,549475,240818,4200832960,108950581,40.335915,-77.05049
25460,"Harrison, AR",,45233,21491,3654802244,35976249,36.087809,-93.162053
25500,"Harrisonburg, VA",277,125228,51104,2244234177,11210876,38.507585,-78.885321
25540,"Hartford-East Hartford-Middletown, CT",278,1212381,507049,3922826533,238595815,41.71865,-72.573919
25580,"Hastings, NE",,31364,13350,1458868867,2481482,40.520632,-98.500044
25620,"Hattiesburg, MS",279,162410,70374,5243206245,29488638,31.188441,-89.232741
25700,"Hays, KS",,28452,12872,2330762469,1197085,38.914597,-99.317313
25720,"Heber, UT",482,59854,37122,7892243726,105524621,40.334884,-111.161568
25740,"Helena, MT",,74801,35235,13248009741,107407995,46.811354,-112.284031
25760,"Helena-West Helena, AR",,21757,10126,1801758335,82056090,34.423687,-90.855593
25780,"Henderson, NC",450,45422,20082,656606884,42223392,36.365481,-78.405434
25820,"Hereford, TX",,19372,7077,3876869424,3926829,34.940766,-102.607564
25840,"Hermiston-Pendleton, OR",,87062,34135,13589974252,84952166,45.544602,-119.076191
25860,"Hickory-Lenoir-Morganton, NC",,365497,162613,4240796217,75300737,35.814611,-81.457066
25880,"Hillsdale, MI",,46688,21757,1549158422,22980609,41.927461,-84.637479
25900,"Hilo, HI",,185079,82324,10433550395,2739470816,19.597764,-155.502443
25940,"Hilton Head Island-Bluffton, SC",,187010,103322,3189825040,1013101680,32.386792,-80.830877
25980,"Hinesville, GA",496,77917,32770,2305334043,301076438,31.778788,-81.57648
26020,"Hobbs, NM",,64727,24919,11372460346,8468799,32.795687,-103.413271
26090,"Holland, MI",266,111408,49426,2137337922,2610856790,42.595787,-86.634745
26140,"Homosassa Springs, FL",,141236,78026,1506586255,496236304,28.84364,-82.52481
26220,"Hood River, OR",,22346,9271,1351841432,29106836,45.511775,-121.655976
26260,"Hope, AR",,31606,14982,3484457405,42630194,33.700708,-93.499761
26300,"Hot Springs, AR",284,96024,50548,1755444878,147213948,34.578852,-93.146932
26340,"Houghton, MI",,38784,21103,4012437935,15328790562,47.681974,-88.148797
26380,"Houma-Thibodaux, LA",,208178,82469,5957048080,3253932353,29.33413,-90.843674
26420,"Houston-The Woodlands-Sugar Land, TX",288,5920416,2295018,21388755928,3070624006,29.749593,-95.353642
26460,"Hudson, NY",104,63096,32775,1643879273,35121043,42.247729,-73.626806
26500,"Huntingdon, PA",107,45913,22365,2265305450,37883358,40.422311,-77.968595
26540,"Huntington, IN",258,37124,15805,991061319,13134781,40.826394,-85.478597
26580,"Huntington-Ashland, WV-KY-OH",170,370908,166881,6474440937,94793831,38.373691,-82.385193
26620,"Huntsville, AL",290,417593,181424,3526344855,151153209,34.783262,-86.734871
26660,"Huntsville, TX",288,67861,24058,2030987606,44898006,30.909844,-95.36929
26700,"Huron, SD",,19469,9374,4622979959,32476637,44.418265,-98.279422
26740,"Hutchinson, KS",,64511,28274,3251332369,43417440,37.948185,-98.078346
26780,"Hutchinson, MN",378,36651,15760,1272903896,36406906,44.821657,-94.272323
26820,"Idaho Falls, ID",292,133265,49807,13445262229,126032001,43.620423,-112.420919
26860,"Indiana, PA",430,88880,38236,2141997762,18814066,40.651432,-79.087545
26900,"Indianapolis-Carmel-Anderson, IN",294,1887877,816509,11153455267,88905660,39.74867,-86.212382
26940,"Indianola, MS",185,29450,9685,1807175516,23758961,33.605529,-90.59509
26980,"Iowa City, IA",168,152586,65483,3063631930,28994896,41.517806,-91.64793
27020,"Iron Mountain, MI-WI",361,30591,18770,3236437931,64693323,45.947703,-88.080959
27060,"Ithaca, NY",296,101564,41674,1229334487,43794640,42.453006,-76.473483
27100,"Jackson, MI",,160248,69458,1817306121,56540223,42.248474,-84.420868
27140,"Jackson, MS",298,586320,241073,14000919189,228410886,32.316001,-90.22084
27160,"Jackson, OH",,33225,14587,1088582018,3184785,39.013477,-82.614142
27180,"Jackson, TN",297,179694,77281,4431804685,7366987,35.610937,-88.853902
27220,"Jackson, WY-ID",,31464,18291,11512068195,575125033,44.048662,-110.426075
27260,"Jacksonville, FL",300,1345596,598490,8290752876,1288104361,30.234146,-81.756078
27300,"Jacksonville, IL",522,40902,17974,2123022482,13892157,39.69395,-90.285047
27340,"Jacksonville, NC",,177772,68226,1975496912,370806698,34.763109,-77.499469
27380,"Jacksonville, TX",540,50845,20859,2727030862,24032104,31.843881,-95.156343
27420,"Jamestown, ND",,21100,9862,5754239519,197315065,46.972223,-98.956123
27460,"Jamestown-Dunkirk-Fredonia, NY",,134905,66920,2745973829,1139483300,42.304216,-79.407595
27500,"Janesville-Beloit, WI",357,160331,68422,1859980029,20625910,42.66988,-89.075284
27530,"Jasper, AL",142,67023,30816,2049177420,36263761,33.791558,-87.301094
27540,"Jasper, IN",,54734,23119,1972295888,38643326,38.384156,-87.035953
27580,"Jayuya, PR",,16642,6541,115340235,3405,18.211152,-66.58687
27600,"Jefferson, GA",122,60485,23752,879722928,8900197,34.130881,-83.562566
27620,"Jefferson City, MO",,149807,63555,5821505865,80052982,38.637121,-92.089227
27660,"Jennings, LA",324,31594,13306,1686931782,18718325,30.269529,-92.816221
27700,"Jesup, GA",496,30099,12199,1662194319,18179669,31.547845,-81.912376
27740,"Johnson City, TN",304,198716,93830,2211416602,26140272,36.265822,-82.332693
27780,"Johnstown, PA",306,143679,65650,1782819861,13680552,40.510222,-78.710478
27860,"Jonesboro, AR",308,121026,51438,3795873677,27685268,35.69697,-90.650173
27900,"Joplin, MO",309,175518,74981,3271808157,11947099,37.055546,-94.339736
27940,"Juneau, AK",,31275,13055,6997968643,1429575134,58.37291,-134.178445
27980,"Kahului-Wailuku-Lahaina, HI",,154834,70379,3008326306,3203316730,20.855931,-156.60155
28020,"Kalamazoo-Portage, MI",310,250331,110007,1454688724,48274044,42.268871,-86.037373
28060,"Kalispell, MT",,90928,46963,13176979222,437135591,48.314678,-114.054295
28100,"Kankakee, IL",176,113449,45246,1752271023,12452094,41.13951,-87.861117
28140,"Kansas City, MO-KS",312,2009342,871952,18791886219,304876979,38.931849,-94.443824
28180,"Kapaa, HI",,67091,29793,1605678326,1674176401,22.012038,-159.705965
28260,"Kearney, NE",,52591,21950,3844464249,19146084,40.739145,-99.031556
28300,"Keene, NH",,77117,34773,1830241632,58115492,42.92546,-72.248183
28340,"Kendallville, IN",258,47536,20109,1064077860,17068252,41.404679,-85.417271
28380,"Kennett, MO",,31953,14419,1401361859,15838797,36.306905,-90.065394
28420,"Kennewick-Richland, WA",313,253340,93041,7621169539,214606200,46.363964,-119.254046
28500,"Kerrville, TX",314,49625,23831,2857580696,10250172,30.059953,-99.353339
28540,"Ketchikan, AK",,13477,6166,12583232994,4649414062,55.449938,-131.106685
28580,"Key West, FL",370,73090,52764,2546689189,7133453992,24.768883,-80.95327
28620,"Kill Devil Hills, NC",545,33920,33492,993052150,3053969840,35.697103,-75.834668
28660,"Killeen-Temple, TX",,405300,159366,7293204261,110344348,31.20273,-97.789638
28700,"Kingsport-Bristol, TN-VA",304,309544,146978,5205503383,96436605,36.604161,-82.440145
28740,"Kingston, NY",408,182493,83638,2911755518,94599622,41.947212,-74.265458
28780,"Kingsville, TX",204,32477,13020,6059631949,1803578450,27.113943,-97.568508
28820,"Kinston, NC",272,59495,27437,1037527054,5768474,35.240068,-77.63551
28860,"Kirksville, MO",,30038,13365,2265272650,7685851,40.284489,-92.565124
28900,"Klamath Falls, OR",,66380,32774,15387252316,503746014,42.683761,-121.646168
28940,"Knoxville, TN",315,814914,370217,8339573640,329976435,36.044462,-84.136114
29020,"Kokomo, IN",316,82752,38679,759012945,2240090,40.483537,-86.114118
29060,"Laconia, NH",148,60088,37386,1036596332,177025146,43.519109,-71.425366
29100,"La Crosse-Onalaska, WI-MN",,133665,57003,2599687174,116596115,43.783246,-91.318743
29180,"Lafayette, LA",318,466750,195917,8828742337,2349001267,29.957773,-92.04935
29200,"Lafayette-West Lafayette, IN",320,210297,88185,4255684644,20842856,40.514717,-86.930475
29260,"La Grande, OR",,25748,11489,5274784008,4995881,45.304081,-117.999149
29300,"LaGrange, GA-AL",122,101259,45050,2617233258,99860170,33.034482,-85.02836
29340,"Lake Charles, LA",324,199607,85651,6082706418,1767400144,29.978755,-93.253243
29380,"Lake City, FL",264,67531,28636,2065707648,9722658,30.221226,-82.623114
29420,"Lake Havasu City-Kingman, AZ",,200186,110911,34475546921,387371395,35.717705,-113.749689
29460,"Lakeland-Winter Haven, FL",422,602095,281214,4656375819,550925774,27.953581,-81.69347
29500,"Lamesa, TX",,13833,5220,2331781493,4720787,32.742528,-101.948771
29540,"Lancaster, PA",,519445,202952,2444457103,103581050,40.041992,-76.250198
29620,"Lansing-East Lansing, MI",,534684,229345,5771453478,70653084,42.713659,-84.605372
29660,"Laramie, WY",,36299,17939,11069193896,90515065,41.665514,-105.721883
29700,"Laredo, TX",,250304,73496,8706199011,36537745,27.760799,-99.340752
29740,"Las Cruces, NM",238,209233,81492,9861408558,17789635,32.349919,-106.834968
29780,"Las Vegas, NM",106,34274,18827,17215895908,57459347,35.476859,-104.803519
29820,"Las Vegas-Henderson-Paradise, NV",332,1951269,840343,20438710673,438695269,36.214257,-115.013812
29860,"Laurel, MS",279,84823,36636,3550971846,15906454,31.825463,-89.148054
29900,"Laurinburg, NC",246,36157,15193,825803818,3831577,34.840023,-79.477337
29940,"Lawrence, KS",312,110826,46731,1180699859,48602935,38.896417,-95.290947
29980,"Lawrenceburg, TN",400,41869,18177,1598355330,2229584,35.220476,-87.396546
30020,"Lawton, OK",,130291,53755,4408006176,61434601,34.52911,-98.430917
30060,"Lebanon, MO",,35571,15778,1980608825,8534395,37.659698,-92.594843
30100,"Lebanon, NH-VT",,218466,122424,10107253545,176525571,43.715925999999996,-72.258254
30140,"Lebanon, PA",276,133568,55592,937142582,1723769,40.371559,-76.46487
30220,"Levelland, TX",352,22935,9293,2352723875,446121,33.605932,-102.343398
30260,"Lewisburg, PA",146,44947,16997,818389897,4648544,40.962179,-77.055475
30280,"Lewisburg, TN",400,30617,13119,972437127,1801806,35.468343,-86.765865
30300,"Lewiston, ID-WA",,60888,27310,3844331499,32688112,46.251696,-116.925017
30340,"Lewiston-Auburn, ME",438,107702,49090,1211926439,75610678,44.167681,-70.207435
30380,"Lewistown, PA",,46682,21537,1064565502,9544860,40.601602,-77.651928
30420,"Lexington, NE",,26370,11390,3810522001,28245127,40.756816,-99.821978
30460,"Lexington-Fayette, KY",336,472099,209138,3803391352,40844381,38.102876,-84.438545
30580,"Liberal, KS",,22952,8061,1656290756,2562633,37.18096,-100.855257
30620,"Lima, OH",338,106331,44999,1042458893,11275149,40.771627,-84.106103
30660,"Lincoln, IL",522,30305,12107,1600764560,2247126,40.129277,-89.365309
30700,"Lincoln, NE",339,302157,127750,3649230981,34424665,40.817458,-96.868743
30780,"Little Rock-North Little Rock-Conway, AR",340,699757,306882,10580594243,293548331,34.755773,-92.400589
30820,"Lock Haven, PA",558,39238,19080,2299868539,23178658,41.262624,-77.69636
30860,"Logan, UT-ID",,125442,41552,4735682658,33433806,41.883617,-111.784324
30900,"Logansport, IN",,38966,16474,1067475860,6974441,40.753799,-86.355168
30940,"London, KY",,148099,63972,4473756849,52629684,36.920616,-84.045446
30980,"Longview, TX",,280000,115022,6941755788,109544124,32.364601,-94.819897
31020,"Longview, WA",440,102410,43450,2952910628,67563094,46.196785,-122.67846
31060,"Los Alamos, NM",106,17950,8354,282740301,229940,35.870047,-106.307968
31080,"Los Angeles-Long Beach-Anaheim, CA",348,12828837,4493983,12557430733,2202929720,34.108705,-118.182745
31140,"Louisville/Jefferson County, KY-IN",350,1202718,526070,8381923749,142664499,38.33524,-85.668941
31180,"Lubbock, TX",352,290805,120642,6961017564,21254775,33.470327,-101.648825
31220,"Ludington, MI",,28705,17293,1282232870,1935676016,43.996636,-86.750814
31260,"Lufkin, TX",,86771,35589,2066235308,173343492,31.251951,-94.611056
31300,"Lumberton, NC",246,134168,52751,2458470383,4574244,34.63921,-79.100881
31340,"Lynchburg, VA",,246412,109595,5473792526,68285722,37.364926,-79.216689
31380,"Macomb, IL",,32612,14419,1526558259,2012556,40.455808,-90.678954
31420,"Macon-Bibb County, GA",356,232293,101587,4461614946,38958651,32.856216,-83.714305
31460,"Madera, CA",260,150865,49140,5534982985,41957504,37.209821,-119.749802
31500,"Madison, IN",,32428,14311,934029272,5848057,38.783604,-85.44009
31540,"Madison, WI",357,605435,268734,8571060922,200236235,43.084294,-89.59718
31580,"Madisonville, KY",,46920,21180,1403760753,32168048,37.31107,-87.542196
31620,"Magnolia, AR",,24552,11596,1984066985,1813507,33.223038,-93.232843
31660,"Malone, NY",,51599,25306,4219398044,177032265,44.594376,-74.31067
31680,"Malvern, AR",284,32923,14332,1593367055,18052939,34.315177,-92.944147
31700,"Manchester-Nashua, NH",148,400721,166053,2269188527,41636576,42.911532,-71.723055
31740,"Manhattan, KS",,127081,51355,4753692710,137116876,39.341053,-96.509902
31820,"Manitowoc, WI",,81442,37189,1525716187,2343921717,44.104433,-87.315478
31860,"Mankato, MN",359,96740,39075,3098499267,93233435,44.15481,-94.147801
31900,"Mansfield, OH",360,124475,54599,1282739691,12454453,40.774159,-82.542781
31930,"Marietta, OH",425,61778,28367,1636799113,20785159,39.450676,-81.490636
31940,"Marinette, WI-MI",361,65778,44606,6328446053,1152013649,45.435279,-87.769216
31980,"Marion, IN",,70061,30443,1072446955,2133494,40.515758,-85.654946
32000,"Marion, NC",120,44996,20808,1141169175,13956758,35.682271,-82.048044
32020,"Marion, OH",198,66501,27834,1045726869,908586,40.588034,-83.168803
32100,"Marquette, MI",,67077,34330,4683737366,4185779618,46.656596,-87.584028
32140,"Marshall, MN",,25857,11098,1850698900,18410959,44.409195,-95.847268
32180,"Marshall, MO",,23370,10117,1956746210,29558146,39.13584,-93.204164
32260,"Marshalltown, IA",,40648,16831,1482770678,1803086,42.041691,-92.981452
32280,"Martin, TN",362,35021,15495,1503135455,3679548,36.303596,-88.721194
32300,"Martinsville, VA",,67972,33473,1018617380,5433097,36.682503,-79.872564
32340,"Maryville, MO",,23370,9524,2271326393,2361606,40.361136,-94.883146
32380,"Mason City, IA",,51749,25711,2508238380,22335654,43.213732,-93.274339
32420,"Mayagüez, PR",364,116211,54595,350552996,509152011,18.164126,-67.893333
32460,"Mayfield, KY",424,37121,16777,1429006936,13066620,36.723344,-88.649897
32500,"Maysville, KY",178,17490,8105,621927429,16278281,38.594137,-83.828125
32540,"McAlester, OK",,45837,22634,3381130261,187421760,34.92554,-95.74813
32580,"McAllen-Edinburg-Mission, TX",365,774769,248287,4068521768,31191087,26.396384,-98.18099
32620,"McComb, MS",,40404,17861,1059342907,4348109,31.17813,-90.65553
32660,"McMinnville, TN",,39839,17821,1120635730,3508343,35.67825,-85.777343
32700,"McPherson, KS",,29180,12721,2326520077,6030285,38.395812,-97.647489
32740,"Meadville, PA",240,88765,44686,2621839209,65310694,41.687876,-80.107795
32780,"Medford, OR",366,203206,90937,7209356169,46880700,42.411628,-122.675685
32820,"Memphis, TN-MS-AR",368,1316100,550896,11856577553,314873646,35.008557,-89.821816
32860,"Menomonie, WI",232,43857,17964,2201762202,35638625,44.947751,-91.897645
32900,"Merced, CA",488,255793,83698,5011554741,112760487,37.194806,-120.722802
32940,"Meridian, MS",,107449,47296,5597923802,37147633,32.410674,-88.661926
33020,"Mexico, MO",190,25529,10852,1792879633,11881468,39.21448,-91.843415
33060,"Miami, OK",309,31848,14060,1219421293,35709014,36.835764,-94.802681
33100,"Miami-Fort Lauderdale-Pompano Beach, FL",370,5564635,2464417,13150053279,2744844862,26.101828,-80.478755
33140,"Michigan City-La Porte, IN",176,111467,48448,1549587772,38747148,41.549013,-86.744739
33180,"Middlesborough, KY",,28691,13154,929806795,5480870,36.72268,-83.681039
33220,"Midland, MI",474,83629,35960,1337087878,30601740,43.648203,-84.379414
33260,"Midland, TX",372,141671,56203,4701458946,6465757,32.092359,-101.994539
33300,"Milledgeville, GA",,55149,25519,1889873339,42494364,33.198527,-83.091149
33340,"Milwaukee-Waukesha, WI",376,1555908,669879,3767799619,4836287256,43.01766,-87.481554
33380,"Minden, LA",508,41207,19336,1535939758,56487776,32.732152,-93.339825
33420,"Mineral Wells, TX",206,28111,15214,2465126895,87327962,32.752204,-98.317967
33460,"Minneapolis-St. Paul-Bloomington, MN-WI",378,3333633,1380139,18254859409,1219689179,45.060982,-93.351369
33500,"Minot, ND",,69540,31078,12339445388,248544920,48.320242,-101.19801
33540,"Missoula, MT",,109299,50106,6716936093,64479320,47.027263,-113.892691
33580,"Mitchell, SD",,22835,10029,2253466383,5766257,43.675038,-97.966937
33620,"Moberly, MO",190,25414,10714,1250145642,13315608,39.439249,-92.492959
33660,"Mobile, AL",380,430573,186603,5981945389,1095401357,30.684572,-88.196568
33700,"Modesto, CA",488,514453,179503,3871582888,51437339,37.562316,-121.002831
33740,"Monroe, LA",384,204420,88250,5911204361,157754928,32.690477,-92.262793
33780,"Monroe, MI",220,152021,62971,1422924260,338316259,41.916097,-83.487106
33860,"Montgomery, AL",388,374536,161573,7026840296,189933054,32.365631,-86.404585
33940,"Montrose, CO",,45712,21333,7206092127,6522823,38.407507,-108.266282
33980,"Morehead City, NC",404,66469,48179,1311185243,2161018307,34.858343,-76.53586
34020,"Morgan City, LA",318,54650,23028,1438424557,1460866962,29.629349,-91.463804
34060,"Morgantown, WV",390,129709,58335,2612952673,21760236,39.525155,-79.801912
34100,"Morristown, TN",315,136608,61356,1854061138,198679787,36.115484,-83.376546
34140,"Moscow, ID",446,37244,15988,2786815890,2372731,46.81892,-116.730974
34180,"Moses Lake, WA",393,89120,35083,6939907170,289575234,47.213633,-119.467788
34220,"Moultrie, GA",,45498,18311,1409350694,32337972,31.189707,-83.769773
34260,"Mountain Home, AR",,41513,22580,1435587546,83997217,36.280268,-92.329949
34300,"Mountain Home, ID",147,27038,12162,7963533304,67384705,43.394698,-115.471205
34340,"Mount Airy, NC",268,73673,33667,1378304182,10715854,36.415416,-80.686463
34350,"Mount Gay-Shamrock, WV",170,36743,16743,1175173524,4866223,37.830591,-81.940853
34380,"Mount Pleasant, MI",394,70311,28381,1483225590,12960487,43.645233,-84.839424
34420,"Mount Pleasant, TX",,44735,17710,1558863669,69919467,33.214599,-94.966783
34460,"Mount Sterling, KY",336,44396,20848,1760525045,23447474,38.024349,-83.741009
34500,"Mount Vernon, IL",,38827,16954,1479320495,32673835,38.30078,-88.92421
34540,"Mount Vernon, OH",198,60921,25118,1361024108,10719185,40.40362,-82.422393
34580,"Mount Vernon-Anacortes, WA",500,116901,51473,4483794950,489329871,48.493292,-121.81577
34620,"Muncie, IN",294,117671,52357,1015596276,9803976,40.227543,-85.399262
34660,"Murray, KY",,37191,18065,997200826,66497839,36.620978,-88.274086
34700,"Muscatine, IA",209,42745,17910,1133040484,30198875,41.483776,-91.118699
34740,"Muskegon, MI",266,172188,73561,1293040828,2488405138,43.289258,-86.751892
34780,"Muskogee, OK",538,70990,30908,2099056912,75962995,35.617551,-95.383911
34820,"Myrtle Beach-Conway-North Myrtle Beach, SC-NC",396,376722,263474,5130427613,839044776,33.969095,-78.612724
34860,"Nacogdoches, TX",,64524,27406,2451520148,89745988,31.62056,-94.62025
34900,"Napa, CA",488,136484,54759,1938247338,104169342,38.5071,-122.325904
34940,"Naples-Marco Island, FL",163,321520,197298,5175636190,794325489,26.118786,-81.400955
34980,"Nashville-Davidson--Murfreesboro--Franklin, TN",400,1646200,692598,14735195158,197496152,36.091577,-86.72298
35020,"Natchez, MS-LA",,53119,24039,3002642259,195601959,31.481833,-91.525331
35060,"Natchitoches, LA",,39566,18587,3243311940,121063646,31.732551,-93.082611
35100,"New Bern, NC",404,126802,57374,3926947933,771618500,35.116829,-77.08132
35140,"Newberry, SC",192,37508,17922,1631788278,44675199,34.289899,-81.599703
35220,"New Castle, IN",294,49462,21288,1014954691,7655239,39.929591,-85.397363
35260,"New Castle, PA",430,91108,40975,927669548,11758743,40.992735,-80.334446
35300,"New Haven-Milford, CT",408,862477,362004,1565663096,667053119,41.349717,-72.900204
35380,"New Orleans-Metairie, LA",406,1189866,546694,8292428220,12120092819,29.805532,-89.701382
35420,"New Philadelphia-Dover, OH",184,92582,40206,1470169796,9880933,40.44749,-81.471105
35440,"Newport, OR",,46034,30610,2537580591,554304210,44.641061,-123.911212
35460,"Newport, TN",315,35662,17459,1125518964,22196995,35.916198,-83.119224
35580,"New Ulm, MN",359,25893,11493,1582716009,19099484,44.246541,-94.733647
35620,"New York-Newark-Jersey City, NY-NJ-PA",408,18897109,7527752,17318990602,6538995619,40.898788,-73.90313
35660,"Niles, MI",515,156813,76922,1470457874,2625535357,41.791382,-86.742543
35700,"Nogales, AZ",536,47420,18010,3203598541,3088171,31.525733,-110.845228
35740,"Norfolk, NE",,48271,20869,4076485324,18404425,42.04313,-97.487952
35820,"North Platte, NE",,37590,17261,10343645356,32525367,41.230647,-100.78332
35840,"North Port-Sarasota-Bradenton, FL",412,702281,401103,3363872943,826785936,27.364247,-82.319344
35860,"North Vernon, IN",294,28525,12069,975346383,4563811,38.996229,-85.628103
35900,"North Wilkesboro, NC",,69340,33065,1953571382,6843251,36.208883,-81.166095
35940,"Norwalk, OH",184,59626,25196,1272965600,8615850,41.14508,-82.594641
35980,"Norwich-New London, CT",278,274055,120994,1722025951,276665774,41.472652,-72.108634
36020,"Oak Harbor, WA",500,78506,40234,539879663,800115268,48.158554,-122.670649
36100,"Ocala, FL",,331298,164050,4103955681,202185444,29.202805,-82.0431
36140,"Ocean City, NJ",428,97265,98309,651187425,955684066,39.086141,-74.84771
36220,"Odessa, TX",372,137130,53027,2324999033,10597635,31.865301,-102.542507
36260,"Ogden-Clearfield, UT",482,597159,204089,18724600694,3636244750,41.300466,-113.126808
36300,"Ogdensburg-Massena, NY",,111944,52133,6942144728,365348866,44.488112,-75.074311
36340,"Oil City, PA",,54984,27464,1746387330,22148536,41.400714,-79.765813
36380,"Okeechobee, FL",,39996,18509,1991462636,318565354,27.385592,-80.887388
36420,"Oklahoma City, OK",416,1252987,539077,14274866599,181711438,35.430968,-97.506966
36460,"Olean, NY",160,80317,41111,3388612085,36610366,42.239099,-78.662332
36500,"Olympia-Lacey-Tumwater, WA",500,252264,108182,1869871525,133491584,46.935822,-122.830152
36540,"Omaha-Council Bluffs, NE-IA",420,865350,362327,11265534804,149049249,41.290459,-95.99997
36580,"Oneonta, NY",,62259,30777,2594391877,36393713,42.629776,-75.028841
36620,"Ontario, OR-ID",147,53936,20637,26662369316,118043012,43.225869,-117.619933
36660,"Opelousas, LA",318,83384,35692,2392836670,39114892,30.583441,-91.989274
36700,"Orangeburg, SC",192,92501,42504,2864787762,56464867,33.436135,-80.802913
36740,"Orlando-Kissimmee-Sanford, FL",422,2134411,942312,9009231940,1380306866,28.434396,-81.356084
36780,"Oshkosh-Neenah, WI",118,166994,73329,1125316243,373177955,44.085707,-88.668149
36820,"Oskaloosa, IA",218,22381,9766,1478527687,6564800,41.330797,-92.636366
36830,"Othello, WA",393,18728,6242,4985668796,12623299,47.011238,-118.512861
36837,"Ottawa, IL",176,154908,68772,5605551800,76527665,41.31453533333333,-89.23755166666668
36840,"Ottawa, KS",312,25992,11147,1480840246,13936113,38.558019,-95.278962
36900,"Ottumwa, IA",,35625,16098,1118443326,10846138,40.878477,-92.416412
36940,"Owatonna, MN",378,36576,15343,1112775578,6976790,44.015261,-93.220453
36980,"Owensboro, KY",,114752,49450,2327034059,86042670,37.693723,-87.077058
37060,"Oxford, MS",,47351,22729,1636116444,123022249,34.349298,-89.485903
37100,"Oxnard-Thousand Oaks-Ventura, CA",348,823318,281695,4773691889,945991626,34.358741,-119.133143
37120,"Ozark, AL",222,50251,22677,1453371157,4016457,31.430654,-85.609476
37140,"Paducah, KY-IL",424,98762,46901,2708473024,207872740,37.134181,-88.656668
37220,"Pahrump, NV",332,43946,22350,47090965923,43209307,37.965864,-116.459011
37260,"Palatka, FL",300,74364,37337,1884532662,257184021,29.593896,-81.732039
37300,"Palestine, TX",,58458,20116,2752126295,39884082,31.841261,-95.661726
37340,"Palm Bay-Melbourne-Titusville, FL",,543376,269864,2630557912,1402040884,28.298678,-80.700534
37420,"Pampa, TX",108,23464,10597,4791560029,9047718,35.402542,-100.812374
37460,"Panama City, FL",,168852,99650,1964400618,711453131,30.101095,-85.474971
37500,"Paragould, AR",308,42090,17892,1496233476,4826525,36.120607,-90.566346
37540,"Paris, TN",,32330,17054,1455823082,81118140,36.325295,-88.300288
37580,"Paris, TX",,49793,22481,2349611989,67113408,33.667263,-95.570348
37620,"Parkersburg-Vienna, WV",425,92673,43446,1550803019,33058402,39.141531,-81.460402
37660,"Parsons, KS",,21607,10092,1671305414,20261495,37.191468,-95.297473
37740,"Payson, AZ",429,53597,32698,12322988718,97111978,33.789618,-110.81187
37770,"Pearsall, TX",484,17217,5846,2935750557,2193798,28.869334,-99.108788
37780,"Pecos, TX",,13865,4690,8558096266,37548613,31.308366,-103.712706
37800,"Pella, IA",218,33309,13914,1436237259,41374638,41.331455,-93.093849
37860,"Pensacola-Ferry Pass-Brent, FL",426,448991,201463,4320270311,985273023,30.655401,-87.161828
37900,"Peoria, IL",,416255,180478,8641354854,166203711,40.788255,-89.514745
37940,"Peru, IN",316,36903,15479,968246709,9184679,40.772881,-86.044258
37980,"Philadelphia-Camden-Wilmington, PA-NJ-DE-MD",428,5965343,2433611,11919387230,694091914,39.894936,-75.311955
38060,"Phoenix-Mesa-Chandler, AZ",429,4192887,1798501,37725129799,85127244,33.185765,-112.067862
38100,"Picayune, MS",406,55834,23968,2100125644,20836787,30.774793,-89.586904
38180,"Pierre, SD",,19988,9010,5661693283,341641711,44.498505,-100.370545
38220,"Pine Bluff, AR",340,100258,41930,5257793851,141579093,34.081208,-91.945729
38240,"Pinehurst-Southern Pines, NC",246,88247,43940,1807404472,20746101,35.308272,-79.492725
38260,"Pittsburg, KS",,39134,17801,1527461827,13611094,37.505821,-94.853897
38300,"Pittsburgh, PA",430,2356285,1102048,13678960186,157922975,40.434338,-79.828061
38340,"Pittsfield, MA",,131219,68508,2400465435,50772406,42.371493,-73.217928
38380,"Plainview, TX",352,36273,13541,2602115719,246684,34.068436,-101.822888
38420,"Platteville, WI",,51208,21581,2970324643,94521211,42.870028,-90.694229
38460,"Plattsburgh, NY",,82128,35888,2688025469,206355454,44.752712,-73.705643
38500,"Plymouth, IN",515,47051,19845,1148992521,15836354,41.325003,-86.269036
38540,"Pocatello, ID",,90656,36135,6517009394,191313403,42.692921,-112.228982
38580,"Point Pleasant, WV-OH",170,58258,26931,2323940472,48260172,38.798396,-82.180553
38620,"Ponca City, OK",,46562,21708,2382087117,65364078,36.814885,-97.143862
38660,"Ponce, PR",434,262630,107484,718373759,330207488,18.013799,-66.675082
38700,"Pontiac, IL",145,38950,15895,2704686611,4252873,40.894376,-88.552852
38740,"Poplar Bluff, MO",,56894,26328,3429677651,16643962,36.71518,-90.40313
38780,"Portales, NM",188,19846,8163,6338816708,18703928,34.021207,-103.483004
38820,"Port Angeles, WA",,71404,35582,4502251295,2414668004,48.110903,-123.88986
38860,"Portland-South Portland, ME",438,514098,262718,5386265282,2013890847,43.651417,-70.418375
38900,"Portland-Vancouver-Hillsboro, OR-WA",440,2226009,925076,17310825110,356378766,45.60062,-122.484346
38920,"Port Lavaca, TX",544,21381,11410,1312710613,1361907833,28.441719,-96.579574
38940,"Port St. Lucie, FL",370,424107,215160,2888846263,843159334,27.232699,-80.42677
39020,"Portsmouth, OH",170,79499,34142,1580445008,15370337,38.814889,-82.998675
39060,"Pottsville, PA",,148289,69323,2016651953,10828794,40.703682,-76.217788
39100,"Poughkeepsie-Newburgh-Middletown, NY",408,670301,255663,4162928487,146790941,41.578590000000005,-74.0231465
39150,"Prescott Valley-Prescott, AZ",,211033,110432,21039764981,11501683,34.631071,-112.577225
39220,"Price, UT",,21403,9551,3829279233,15773974,39.673284,-110.588484
39260,"Prineville, OR",140,20978,10202,7715797890,21192731,44.163054,-120.371585
39300,"Providence-Warwick, RI-MA",148,1600852,693923,4110077404,1681422434,41.706831,-71.286637
39340,"Provo-Orem, UT",482,526810,151852,13974880790,400879039,39.872067,-112.359059
39380,"Pueblo, CO",444,159063,69526,6179980907,30279808,38.170658,-104.489892
39420,"Pullman, WA",446,44776,19323,5592015929,47940249,46.905944,-117.53539
39460,"Punta Gorda, FL",412,159978,100632,1761913582,461075444,26.868974,-81.941278
39500,"Quincy, IL-MO",448,77314,34377,3523016308,56694551,40.027154,-91.389845
39540,"Racine, WI",376,195408,82164,861173331,1190399042,42.754122,-87.420877
39580,"Raleigh-Cary, NC",450,1130490,466095,5486112667,75432229,35.756746,-78.460441
39660,"Rapid City, SD",452,126382,55949,16181046290,50695729,44.195108,-102.916612
39700,"Raymondville, TX",154,22134,7040,1529528675,501715776,26.481861,-97.594731
39740,"Reading, PA",428,411442,164827,2218341544,23955804,40.413957,-75.92686
39780,"Red Bluff, CA",454,63463,26987,7639709781,32276063,40.126157,-122.232274
39820,"Redding, CA",454,177223,77313,9778246966,186530888,40.760514,-122.043556
39860,"Red Wing, MN",378,46183,20337,1960200576,61025171,44.406178,-92.716
39900,"Reno, NV",456,425417,186831,17004012238,623070563,40.500795,-119.731161
39940,"Rexburg, ID",292,50778,19811,6041745966,93703986,44.142753,-111.508107
39980,"Richmond, IN",458,68917,31242,1040502885,6736566,39.863091,-85.006735
40060,"Richmond, VA",,1186501,498974,11301898920,332820255,37.460057,-77.473869
40080,"Richmond-Berea, KY",336,97588,41908,1788051631,22005470,37.57168,-84.296264
40100,"Rio Grande City-Roma, TX",365,60968,19526,3168018574,15302285,26.530903,-98.740235
40140,"Riverside-San Bernardino-Ontario, CA",348,4224851,1500344,70611926170,375101677,34.537534,-116.130921
40180,"Riverton, WY",,40123,17796,23785968227,212130541,43.054831,-108.608935
40220,"Roanoke, VA",,308707,144987,4839854582,72736019,37.286226,-79.946935
40260,"Roanoke Rapids, NC",468,76790,37455,3265132906,54672547,36.320576,-77.542757
40300,"Rochelle, IL",466,53497,22561,1964698351,11425054,42.041884,-89.320176
40340,"Rochester, MN",462,206877,88171,6415160302,75584108,43.949636,-92.33607
40380,"Rochester, NY",464,1079671,468888,8459579317,5126921755,43.148038,-77.523257
40420,"Rockford, IL",466,349431,145935,2056661572,18631225,42.331183,-89.042914
40460,"Rockingham, NC",,46639,20738,1227191624,15790811,35.004636,-79.755695
40530,"Rockport, TX",204,23158,15355,652868851,714621093,28.104225,-96.977983
40540,"Rock Springs, WY",,43806,18735,27004896786,166887494,41.660328,-108.875677
40580,"Rocky Mount, NC",468,152392,67124,2708461160,9520326,35.941045,-77.798549
40620,"Rolla, MO",,45156,19533,1739911952,6574662,37.866326,-91.790349
40660,"Rome, GA",122,96317,40551,1320662374,22156077,34.263692,-85.213685
40700,"Roseburg, OR",,107667,48915,13043372940,253020349,43.286328,-123.154476
40740,"Roswell, NM",,65645,26697,15708988921,25507475,33.361604,-104.469837
40760,"Ruidoso, NM",,20497,17519,12512467751,564272,33.740841,-105.449805
40780,"Russellville, AR",,83939,35303,4513137726,96087269,35.199586,-93.252763
40820,"Ruston, LA",384,46735,19479,1221806070,1897717,32.601823,-92.662303
40860,"Rutland, VT",,61642,33768,2408224790,38744350,43.580858,-73.038202
40900,"Sacramento-Roseville-Folsom, CA",472,2149127,871793,13193980701,549495023,38.789678,-121.00575
40940,"Safford, AZ",,37220,12980,11972471194,47833765,32.931828,-109.87831
40980,"Saginaw, MI",474,200169,86844,2072284641,41056727,43.328267,-84.05541
41060,"St. Cloud, MN",378,189093,78114,4536191976,133580178,45.593031,-94.488363
41100,"St. George, UT",,138115,57734,6284236933,9307859,37.262531,-113.4878
41140,"St. Joseph, MO-KS",312,127329,53638,4287701449,51002862,39.834843,-94.783754
41180,"St. Louis, MO-IL",476,2787701,1225205,20365927504,566042326,38.740372,-90.345956
41220,"St. Marys, GA",300,50513,21114,1587727882,437293017,30.913358,-81.642019
41260,"St. Marys, PA",,31946,17585,2142848183,12818723,41.427332,-78.653937
41400,"Salem, OH",566,107841,47088,1377597314,7239848,40.770073,-80.778455
41420,"Salem, OR",440,390738,151250,4980838711,34461528,44.903385,-122.901757
41460,"Salina, KS",,61697,26880,3732062993,4371288,38.96457,-97.663387
41500,"Salinas, CA",,415057,139048,8496702738,1270714482,36.240107,-121.315572
41540,"Salisbury, MD-DE",480,373802,231107,5435157615,2080573604,38.399521,-75.478262
41620,"Salt Lake City, UT",482,1087873,383486,19900519080,1061410554,40.572887,-112.953253
41660,"San Angelo, TX",,112966,48042,9057152097,48448561,31.36531,-100.659418
41700,"San Antonio-New Braunfels, TX",484,2142508,837999,18939658512,150788514,29.43306,-98.606973
41740,"San Diego-Chula Vista-Carlsbad, CA",,3095313,1164786,10895120648,826347909,33.023604,-116.776117
41760,"Sandpoint, ID",,40877,24669,4492523343,478955717,48.316796,-116.612364
41780,"Sandusky, OH",184,77079,37845,651531963,969767280,41.554006,-82.525897
41820,"Sanford, NC",246,57866,24136,660341698,10576667,35.476336,-79.172117
41860,"San Francisco-Oakland-Berkeley, CA",488,4335391,1741999,6398672255,2474985079,37.773718,-122.274432
41900,"San Germán, PR",364,137462,69481,571498111,383944567,18.033069,-67.103961
41940,"San Jose-Sunnyvale-Santa Clara, CA",488,1836911,649790,6938085772,40730035,36.908472,-121.371372
41980,"San Juan-Bayamón-Caguas, PR",490,2350126,1025863,3724038546,1458651962,18.294453,-66.036844
42020,"San Luis Obispo-Paso Robles, CA",,269637,117315,8543248461,820974646,35.385224,-120.447544
42100,"Santa Cruz-Watsonville, CA",488,262382,104476,1152986019,419568865,37.012488,-122.007205
42140,"Santa Fe, NM",106,144170,71267,4945359181,3774631,35.51453,-105.963972
42180,"Santa Isabel, PR",434,23274,9575,88119917,111164892,17.952922,-66.387588
42200,"Santa Maria-Santa Barbara, CA",,423895,152834,7083838022,2729829365,34.537057,-120.039973
42220,"Santa Rosa-Petaluma, CA",488,483878,204572,4081430136,497530353,38.525182,-122.92611
42300,"Sault Ste. Marie, MI",,38520,21253,4036289692,2952509199,46.321819,-84.52063
42340,"Savannah, GA",496,347611,151049,3470849968,594520667,32.109153,-81.273107
42380,"Sayre, PA",,62622,29979,2971749132,35276067,41.791504,-76.502123
42420,"Scottsbluff, NE",,38971,17592,9200298675,17707404,42.163326,-103.734473
42460,"Scottsboro, AL",497,53227,24786,2791664869,126657194,34.764114,-85.980056
42500,"Scottsburg, IN",350,24181,10440,493127224,6089000,38.679431,-85.751898
42540,"Scranton--Wilkes-Barre, PA",,563631,258834,4524019996,76389955,41.322881,-75.898188
42620,"Searcy, AR",340,77076,32488,2680832626,18311035,35.255118,-91.753034
42660,"Seattle-Tacoma-Bellevue, WA",500,3439809,1463295,15209310383,1132500766,47.490599,-121.833996
42680,"Sebastian-Vero Beach, FL",370,138028,76346,1302431761,295606459,27.700528,-80.574789
42700,"Sebring-Avon Park, FL",,98786,55386,2633020110,231596328,27.34108,-81.342353
42740,"Sedalia, MO",,42201,18249,1766947035,10482137,38.727367,-93.285207
42780,"Selinsgrove, PA",146,39702,16027,851343254,7292556,40.755407,-77.072929
42820,"Selma, AL",388,43820,20208,2534807386,39134826,32.33354,-87.114356
42860,"Seneca, SC",273,74273,38763,1622196811,122191920,34.748766,-83.06154
42900,"Seneca Falls, NY",464,35251,16043,838393327,172838984,42.782294,-76.827088
42940,"Sevierville, TN",315,89889,55918,1534567408,13514945,35.795345,-83.518496
42980,"Seymour, IN",294,42376,18202,1319112546,11917286,38.911957,-86.042516
43020,"Shawano, WI",267,46181,22973,3239208393,61552665,44.851643,-88.745543
43060,"Shawnee, OK",416,69442,29139,2040060341,14842424,35.211393,-96.957007
43100,"Sheboygan, WI",,115507,50766,1324171349,1968280402,43.741232,-87.731516
43140,"Shelby, NC",172,98078,43373,1202408392,10356247,35.33463,-81.557114
43180,"Shelbyville, TN",400,45058,18360,1226710123,2983154,35.51366,-86.458294
43220,"Shelton, WA",500,60699,32518,2484878730,237245899,47.354126,-123.17385
43260,"Sheridan, WY",,29116,13939,6537112725,7986343,44.781369,-106.881211
43300,"Sherman-Denison, TX",206,120877,53727,2415950507,120105690,33.624524,-96.675693
43320,"Show Low, AZ",,107449,56938,25771473007,24078377,35.390785,-110.321025
43340,"Shreveport-Bossier City, LA",508,398604,173669,6718882148,270542009,32.490638,-93.671191
43380,"Sidney, OH",212,49423,20173,1055874043,7814034,40.33668,-84.204142
43420,"Sierra Vista-Douglas, AZ",,131346,59041,15969063883,137025224,31.840129,-109.775163
43460,"Sikeston, MO",164,39191,16987,1087768829,15196632,37.047793,-89.568098
43500,"Silver City, NM",,29514,14693,10260561575,15349532,32.732087,-108.381504
43580,"Sioux City, IA-NE-SD",,143577,58083,5371277863,55325128,42.580634,-96.376047
43620,"Sioux Falls, SD",,228261,95862,6670998020,27161649,43.49542,-96.995339
43660,"Snyder, TX",,16921,6963,2345088415,5439993,32.744353,-100.913346
43700,"Somerset, KY",,63063,31443,1705268187,48553203,37.108303,-84.580175
43740,"Somerset, PA",306,77742,38113,2782615877,16984191,39.981297,-79.028486
43760,"Sonora, CA",,55365,31244,5752062580,138683578,38.021434,-119.964733
43780,"South Bend-Mishawaka, IN-MI",515,319224,140736,2455080468,56437382,41.774981,-86.123014
43900,"Spartanburg, SC",273,284307,122628,2092518606,29310216,34.83462,-81.842401
43940,"Spearfish, SD",452,24097,12756,2072081513,713642,44.348767,-103.804947
43980,"Spencer, IA",517,16667,8062,1469139214,13866941,43.081224,-95.149875
44020,"Spirit Lake, IA",517,16667,12849,985764366,60490800,43.389611,-95.196057
44060,"Spokane-Spokane Valley, WA",518,514752,222590,10985579377,206934004,48.189041,-117.573219
44100,"Springfield, IL",522,210170,95555,3063280812,25219005,39.828565,-89.696205
44140,"Springfield, MA",,692942,288536,4775199911,156227962,42.2478,-72.632108
44180,"Springfield, MO",,436712,192346,7787586447,36022983,37.36087,-93.180262
44220,"Springfield, OH",212,138333,61419,1029450254,13089442,39.917032,-83.783676
44260,"Starkville, MS",,57924,25751,2276964401,15603597,33.422313,-88.876151
44300,"State College, PA",524,153990,63297,2874682925,7878533,40.909128,-77.847877
44340,"Statesboro, GA",496,70217,28794,1742568254,40963315,32.391711,-81.744021
44420,"Staunton, VA",277,118502,52649,2595201963,10562275,38.160958,-79.127632
44460,"Steamboat Springs, CO",525,23509,16303,6117619255,15825586,40.483664,-106.987702
44500,"Stephenville, TX",,37890,16987,2805141510,17445041,32.236661,-98.220507
44540,"Sterling, CO",,22709,8981,4761813494,16363561,40.728091,-103.090464
44580,"Sterling, IL",221,58498,25770,1772198878,31796457,41.750571,-89.910957
44620,"Stevens Point, WI",554,70019,30054,2073747839,56926153,44.476246,-89.49807
44660,"Stillwater, OK",,77350,33991,1773371786,31779003,36.079225,-96.975255
44700,"Stockton, CA",488,685306,233755,3603505998,91108644,37.934982,-121.272244
44740,"Storm Lake, IA",,20260,8237,1489022575,13758158,42.741522,-95.141432
44780,"Sturgis, MI",310,61295,27778,1296524618,52942658,41.911488,-85.52287
44860,"Sulphur Springs, TX",,35161,15029,1986971988,66297428,33.148967,-95.565434
44900,"Summerville, GA",174,26015,10977,811541767,570807,34.474178,-85.345289
44940,"Sumter, SC",,142427,63478,3294470564,273846112,33.91614,-80.382376
44980,"Sunbury, PA",146,94528,45125,1187166553,49616087,40.851524,-76.709877
45000,"Susanville, CA",,34895,12710,11761612172,463440721,40.721086,-120.629952
45020,"Sweetwater, TX",,15216,7152,2362061553,5052677,32.312338,-100.418108
45060,"Syracuse, NY",532,662577,287712,6176814472,1020720449,43.006516,-76.196134
45140,"Tahlequah, OK",,46987,21455,1940956597,69625855,35.904367,-94.996796
45180,"Talladega-Sylacauga, AL",142,82291,37088,1908239516,60944144,33.186086,-86.197757
45220,"Tallahassee, FL",,367413,163078,6184107754,556537850,30.386425,-84.28041
45300,"Tampa-St. Petersburg-Clearwater, FL",,2783243,1353158,6509771997,2118426745,28.125907,-82.465286
45340,"Taos, NM",,32937,20265,5706029510,3385868,36.576529,-105.637986
45380,"Taylorville, IL",522,34800,15563,1837278793,16221497,39.545524,-89.279593
45460,"Terre Haute, IN",,189764,82221,4945678325,65423094,39.392389,-87.347096
45500,"Texarkana, TX-AR",,149198,64234,5290923289,213791388,33.47837,-94.207169
45520,"The Dalles, OR",,25213,11487,6168106312,35946723,45.164536,-121.165069
45540,"The Villages, FL",422,93420,53026,1416548738,85192294,28.714101,-82.074347
45580,"Thomaston, GA",122,27153,12161,837697129,10663300,32.881837,-84.292283
45620,"Thomasville, GA",,44720,20177,1410495980,19742306,30.864619,-83.919815
45660,"Tiffin, OH",534,56745,24122,1427127830,4600437,41.119992,-83.127547
45700,"Tifton, GA",,40118,16434,670585617,25574884,31.457003,-83.525931
45740,"Toccoa, GA",122,26175,12662,463948106,13121977,34.552914,-83.290216
45780,"Toledo, OH",534,651429,301322,4191685994,1528709338,41.544357,-83.690777
45820,"Topeka, KS",,233870,103809,8372465758,148305790,39.041389,-95.802639
45860,"Torrington, CT",408,189927,87550,2384238980,62165569,41.791883,-73.235404
45900,"Traverse City, MI",,143372,80904,4379852038,7440283889,44.952324,-85.90832
45940,"Trenton-Princeton, NJ",408,366513,143169,581601212,11217700,40.282503,-74.703724
45980,"Troy, AL",,32899,15267,1740715643,2362806,31.798651,-85.941604
46020,"Truckee-Grass Valley, CA",472,98764,52590,2480616988,41514942,39.297508,-120.771343
46060,"Tucson, AZ",536,980263,440909,23794311939,5337525,32.128043,-111.783657
46100,"Tullahoma-Manchester, TN",,100210,45046,2881935766,72479976,35.303085,-86.111905
46140,"Tulsa, OK",538,937478,409820,16237247624,494308674,36.254429,-96.177329
46180,"Tupelo, MS",539,161544,69492,4909081978,45164831,34.268271,-88.682907
46220,"Tuscaloosa, AL",,239207,107017,9049976945,164730940,33.160611,-87.715166
46300,"Twin Falls, ID",,99604,39173,6522618237,31281983,42.440397,-114.568729
46340,"Tyler, TX",540,209714,87309,2386555662,73211865,32.375105,-95.268939
46380,"Ukiah, CA",,87841,40323,9081386386,962952644,39.432388,-123.442881
46420,"Union, SC",273,28961,14153,1331696606,4805084,34.690397,-81.615896
46460,"Union City, TN",362,31807,14659,1410839429,27916074,36.408823,-89.162683
46500,"Urbana, OH",212,40097,16755,1110247425,3015688,40.132775,-83.767604
46520,"Urban Honolulu, HI",,953207,336899,1555917151,3955760999,21.580023,-158.123406
46540,"Utica-Rome, NY",,299397,137561,6795865243,237538651,43.33228,-75.173189
46620,"Uvalde, TX",,26405,10811,4019520455,17322264,29.350308,-99.768427
46660,"Valdosta, GA",,139588,57434,4116184014,102606025,30.829645,-83.24064
46700,"Vallejo, CA",488,413344,152698,2128361199,218665937,38.267226,-121.939594
46780,"Van Wert, OH",338,28744,12615,1059715168,3281854,40.85552,-84.585775
46820,"Vermillion, SD",,13864,5639,1067554320,13079349,42.91615,-96.980468
46860,"Vernal, UT",,32588,11972,11602350635,56186719,40.125887,-109.517748
46900,"Vernon, TX",,13535,6318,2514474467,18257915,34.08492,-99.24244
46980,"Vicksburg, MS",298,48773,21896,1524210117,77836802,32.18176,-90.876125
47020,"Victoria, TX",544,94003,39127,4491445800,36383729,28.731455,-97.196993
47080,"Vidalia, GA",,36346,16065,1563130750,31487517,32.154218,-82.411379
47180,"Vincennes, IN",,38440,17038,1336514262,20755159,38.688391,-87.420354
47220,"Vineland-Bridgeton, NJ",428,156898,55834,1252784157,502245900,39.328434,-75.121628
47240,"Vineyard Haven, MA",,16535,17188,267403794,1004180155,41.38097,-70.701499
47260,"Virginia Beach-Norfolk-Newport News, VA-NC",545,1713954,703539,9165946241,3405589040,36.856081,-76.373791
47300,"Visalia, CA",,442179,141696,12494658169,37391616,36.228834,-118.781055
47340,"Wabash, IN",,32888,14171,1068200229,22122011,40.843747,-85.795192
47380,"Waco, TX",,252772,102848,4668670749,81553861,31.427226,-97.093473
47420,"Wahpeton, ND-MN",244,22897,10581,5663621089,25586582,46.29395,-96.790701
47460,"Walla Walla, WA",313,58781,23451,3289618915,74827643,46.263537,-118.255883
47540,"Wapakoneta, OH",338,45949,19585,1039585234,1345187,40.561309,-84.224018
47580,"Warner Robins, GA",356,167595,69375,1361836417,14021121,32.401594,-83.635095
47620,"Warren, PA",,41815,23560,2289898600,37368011,41.834298,-79.298182
47660,"Warrensburg, MO",312,52595,21528,2147829735,10126753,38.741528,-93.811863
47700,"Warsaw, IN",515,77358,37038,1376269814,59601470,41.244293,-85.861575
47780,"Washington, IN",,31648,12471,1112366267,19132567,38.696089,-87.076944
47820,"Washington, NC",272,47759,24688,2142417945,339348344,35.482313,-76.842014
47900,"Washington-Arlington-Alexandria, DC-VA-MD-WV",548,5649540,2241180,17001882393,1132754665,38.816928,-77.448228
47920,"Washington Court House, OH",198,29030,12693,1052458662,1705305,39.555246,-83.461893
47940,"Waterloo-Cedar Falls, IA",,167819,71332,3893019969,28166459,42.536796,-92.471608
47980,"Watertown, SD",,33130,15157,3096916056,154125258,44.966285,-97.198837
48020,"Watertown-Fort Atkinson, WI",376,83686,35147,1441259924,68019815,43.013804,-88.773985
48060,"Watertown-Fort Drum, NY",,116229,57966,3285632368,1524548726,43.996389,-76.052968
48100,"Wauchula, FL",422,27731,9722,1651849564,1439672,27.492846,-81.82158
48140,"Wausau-Weston, WI",554,162806,74518,6278018078,153727219,44.898036,-89.757823
48180,"Waycross, GA",,55070,24312,3131177116,109461792,31.133114,-82.36865
48220,"Weatherford, OK",,27469,12204,2561024716,34321703,35.645601,-98.997386
48260,"Weirton-Steubenville, WV-OH",430,124454,58334,1502562182,29396757,40.388914,-80.701966
48300,"Wenatchee, WA",,110884,51469,12275996926,266115435,47.76611,-120.270197
48460,"West Plains, MO",,40400,18021,2401562178,2913505,36.774369,-91.887368
48500,"West Point, MS",200,20634,9180,1062093753,15355523,33.65967,-88.782468
48540,"Wheeling, WV-OH",,147950,69542,2443342150,49396055,39.975509,-80.847011
48580,"Whitewater, WI",376,102228,51531,1437771449,55507309,42.66811,-88.541731
48620,"Wichita, KS",556,623061,263043,10746042839,83541329,37.629831,-97.398832
48660,"Wichita Falls, TX",,151306,64823,6784750731,144212772,33.776144,-98.501907
48700,"Williamsport, PA",558,116111,52500,3182044798,39473357,41.343882,-77.055262
48780,"Williston, ND",,22398,10464,5380444836,182522864,48.355765,-103.501333
48820,"Willmar, MN",,42239,19476,2063662339,169818708,45.152714,-95.004981
48900,"Wilmington, NC",,254884,128160,2748830241,517116787,34.426033,-77.889634
48940,"Wilmington, OH",178,42040,18133,1058487805,9351104,39.430301,-83.795543
48980,"Wilson, NC",468,81234,35511,953567109,14395628,35.700357,-77.921598
49020,"Winchester, VA-WV",548,128472,56906,2753098886,16605570,39.272974,-78.471828
49060,"Winfield, KS",556,36311,16030,2915679697,17291321,37.234507,-96.837247
49080,"Winnemucca, NV",,16528,7123,24969444419,44197034,41.407914,-118.127591
49100,"Winona, MN",,51461,20760,1621864753,39825401,43.982268,-91.776708
49180,"Winston-Salem, NC",268,640595,287030,5202286251,81128369,36.078852,-80.345064
49220,"Wisconsin Rapids-Marshfield, WI",554,74749,34088,2054162108,42280594,44.461413,-90.038825
49260,"Woodward, OK",,24232,11123,6407408020,10645646,36.425619,-99.273661
49300,"Wooster, OH",184,114520,45847,1437258280,4889717,40.829661,-81.887194
49340,"Worcester, MA-CT",148,916980,375861,5241307263,199309019,42.217311,-71.925535
49380,"Worthington, MN",,21378,8535,1852116504,19298885,43.677686,-95.763132
49420,"Yakima, WA",,243231,85474,11125023321,41131437,46.456558,-120.740145
49460,"Yankton, SD",,22438,9652,1349807412,28629262,43.006603,-97.388361
49500,"Yauco, PR",434,107333,45631,497613517,228601242,18.01641925,-66.82682700000001
49620,"York-Hanover, PA",276,434972,178671,2341819225,16941352,39.921751,-76.728889
49660,"Youngstown-Warren-Boardman, OH-PA",566,565773,259729,4409440312,108686346,41.23646,-80.561784
49700,"Yuba City, CA",472,166892,61493,3196689793,46745572,39.160969,-121.511833
49740,"Yuma, AZ",,195751,87850,14281174361,13253868,32.773942,-113.910905
49780,"Zanesville, OH",198,86074,38074,1721250930,20731394,39.966046,-81.943506
49820,"Zapata, TX",,14018,6203,2585876105,154370954,26.996981,-99.182603
