Urban Area GEOID,County GEOID,Land Area,Water Area
00037,22045,0.455,0.0
00037,22113,10.674,0.131
00064,45001,4.948,0.002
00145,46013,13.895,0.071
00172,53027,10.972,0.696
00253,20041,3.64,0.001
00280,48441,61.973,0.392
00388,39065,2.095,0.0
00415,40123,14.25,0.012
00442,13015,5.351,0.0
00469,13075,6.111,0.066
00496,19049,2.743,0.006
00550,72001,4.863,0.0
00577,26091,13.375,0.149
00631,72003,28.591,0.056
00631,72005,34.73,0.056
00631,72011,13.053,0.001
00631,72071,32.073,0.016
00631,72099,30.3,0.014
00631,72117,14.273,0.0
00631,72131,34.301,0.0
00658,37091,3.326,0.0
00660,72009,13.268,0.025
00660,72043,0.038,0.0
00766,39103,13.18,0.052
00766,39133,55.921,1.492
00766,39151,0.597,0.071
00766,39153,223.384,4.115
00766,39169,7.556,0.089
00820,35035,13.731,0.002
00847,08003,7.685,0.015
00901,13095,55.408,0.728
00901,13177,11.099,0.008
00955,41003,5.307,0.032
00955,41043,17.741,0.042
00970,36001,113.281,1.871
00970,36083,58.388,2.255
00970,36091,46.219,0.555
00970,36093,53.414,0.754
00982,37167,16.661,0.018
01009,27047,10.797,0.539
01036,01055,1.633,0.0
01036,01095,33.211,0.237
01090,26025,4.556,0.053
01090,26075,0.136,0.0
01117,36073,2.945,0.0
01171,35001,211.719,2.686
01171,35043,51.353,0.003
01252,01123,9.79,0.014
01273,18095,3.804,0.005
01279,22079,64.711,0.715
01306,27041,22.572,7.309
01387,19109,3.352,0.006
01414,48249,10.031,0.0
01441,26005,6.879,0.879
01450,26139,10.545,0.061
01495,34041,11.034,0.138
01495,42011,0.642,0.0
01495,42017,0.157,0.0
01495,42077,134.585,1.518
01495,42095,115.127,1.935
01522,31013,4.905,0.012
01549,39029,0.554,0.0
01549,39099,4.101,0.022
01549,39151,12.599,0.067
01630,26057,9.035,0.213
01684,26007,12.709,0.769
01701,06073,9.846,0.001
01711,48043,4.287,0.0
01738,51031,4.093,0.046
01738,51143,1.849,0.017
01765,17083,0.061,0.0
01765,17119,59.597,0.951
01792,42013,37.012,0.062
01846,40065,15.657,0.203
01873,40151,3.646,0.0
01900,48251,3.044,0.015
01927,48375,50.492,0.22
01927,48381,33.501,0.467
02008,13261,10.979,0.06
02062,19015,0.38,0.0
02062,19169,21.977,0.081
02103,25011,0.061,0.0
02103,25013,0.142,0.0
02103,25015,54.45,0.668
02143,28095,5.606,0.011
02170,36057,10.055,0.325
02197,30023,2.61,0.0
02224,53057,9.858,0.351
02251,40015,2.105,0.0
02278,19105,2.647,0.003
02305,02020,91.689,1.072
02332,02020,17.683,0.184
02359,01039,6.863,0.04
02386,18035,1.938,0.002
02386,18095,50.232,0.15
02420,45007,82.903,2.753
02420,45077,13.038,0.074
02467,48003,9.515,0.012
02500,48039,10.948,0.019
02548,18151,12.428,2.279
02575,17181,4.429,0.022
02602,26161,113.012,3.123
02602,26163,30.443,2.029
02629,01015,73.254,0.395
02629,01121,5.642,0.033
02656,55067,4.848,0.046
02683,06013,73.347,0.787
02764,55015,10.643,0.111
02764,55087,68.47,1.379
02764,55139,28.662,2.626
02791,01043,0.386,0.001
02791,01095,8.31,0.107
02818,48007,4.378,0.071
02818,48355,6.64,0.002
02818,48409,13.626,0.148
02912,12027,10.004,0.006
02930,06023,7.928,0.046
03007,40019,15.019,0.139
03034,72013,20.924,0.019
03034,72017,1.394,0.008
03034,72027,17.04,0.008
03034,72065,22.602,0.058
03034,72115,13.533,0.002
03088,04021,4.339,0.077
03115,05019,6.2,0.0
03142,20035,6.832,0.0
03158,47047,0.825,0.034
03158,47157,6.85,0.0
03196,06079,17.075,0.061
03223,35015,6.849,0.007
03250,06029,2.345,0.0
03262,12019,23.003,0.27
03277,13287,4.247,0.042
03331,37151,27.421,0.122
03358,37021,169.861,1.363
03358,37089,78.724,0.541
03385,39005,9.852,0.036
03395,42037,0.058,0.0
03395,42107,1.361,0.0
03412,55003,4.223,0.001
03466,39007,21.69,0.18
03493,39129,3.807,0.0
03520,08097,5.212,0.0
03547,41007,9.669,0.13
03601,20005,5.385,0.044
03655,01083,20.092,0.115
03682,39009,9.453,0.144
03709,47107,15.473,0.0
03736,48213,9.32,0.025
03763,13059,65.527,0.722
03763,13157,0.452,0.002
03763,13195,3.456,0.018
03763,13219,22.413,0.195
03790,25011,4.718,0.204
03790,25027,5.893,0.257
03817,13013,8.094,0.035
03817,13015,11.236,0.648
03817,13057,131.723,2.553
03817,13063,126.58,2.239
03817,13067,339.68,4.767
03817,13077,63.538,0.807
03817,13089,256.569,3.182
03817,13097,83.227,0.257
03817,13113,87.378,2.334
03817,13117,78.697,2.46
03817,13121,433.299,5.942
03817,13135,404.699,5.895
03817,13139,2.477,0.0
03817,13151,156.276,2.479
03817,13217,61.264,0.565
03817,13223,118.398,0.936
03817,13247,64.234,1.113
03817,13255,1.427,0.023
03817,13297,21.722,0.143
03844,48067,6.809,0.038
03871,19029,4.492,0.044
03904,34001,104.271,3.071
03904,34009,58.604,1.035
03925,01053,5.104,0.02
03957,47157,0.075,0.0
03957,47167,9.85,0.028
04021,48121,2.74,0.004
04033,01081,61.156,0.569
04060,18033,9.883,0.0
04114,36011,13.139,0.082
04130,06061,17.239,0.009
04146,26011,3.963,0.065
04168,20015,3.716,0.268
04195,23011,21.918,0.723
04222,13073,73.311,0.338
04222,13245,109.895,0.7
04222,45003,86.624,1.169
04222,45037,3.462,0.017
04276,29109,5.278,0.016
04357,27099,10.047,0.098
04384,48209,38.771,0.576
04384,48453,389.507,2.906
04384,48491,191.342,1.413
04438,06037,1.189,0.0
04465,06031,3.629,0.0
04587,35045,6.783,0.102
04627,13087,10.676,0.237
04654,41001,4.479,0.0
04681,06029,132.121,0.983
04843,24003,221.713,9.001
04843,24005,241.746,9.42
04843,24027,110.53,0.886
04843,24510,80.946,2.232
04924,41011,4.867,0.016
04951,23019,51.116,1.862
05005,55111,6.764,0.083
05032,21121,5.297,0.028
05040,72013,26.629,0.026
05040,72017,7.495,0.0
05040,72054,5.782,0.002
05040,72091,1.795,0.0
05059,21179,13.37,0.105
05113,13171,5.814,0.042
05167,25001,272.241,29.334
05167,25023,69.038,5.526
05221,50023,14.39,0.16
05302,06071,12.382,0.0
05329,40113,1.172,0.0
05329,40147,18.589,0.012
05383,12105,7.914,0.258
05410,08037,2.674,0.026
05410,08097,0.968,0.0
05437,22067,10.328,0.041
05464,48021,18.131,0.24
05491,36037,8.069,0.046
05518,45063,5.405,0.063
05518,45081,0.195,0.0
05545,05063,7.843,0.009
05572,18047,1.618,0.002
05572,18137,3.856,0.066
05599,28107,6.28,0.0
05653,36101,2.905,0.095
05680,22005,90.363,0.674
05680,22033,189.838,1.979
05680,22047,12.616,0.08
05680,22063,79.724,0.092
05680,22121,23.799,1.543
05707,26025,47.125,1.602
05707,26077,0.207,0.0
05734,08045,3.064,0.022
05788,13001,6.259,0.005
05842,35017,3.114,0.025
05869,26017,39.932,1.139
05896,48321,10.414,0.016
05923,01003,6.955,0.055
05935,41057,2.981,0.001
05958,51061,4.369,0.008
05977,17017,2.139,0.037
06004,31067,8.691,0.065
06031,45013,43.76,0.548
06058,48199,14.017,0.077
06058,48245,66.387,1.201
06058,48361,15.696,0.195
06085,21183,3.402,0.009
06112,55027,9.384,0.028
06139,54019,13.176,0.027
06139,54081,40.46,0.139
06166,18093,8.508,0.001
06193,42009,3.838,0.104
06220,51019,8.576,0.012
06247,05145,4.474,0.0
06274,48025,6.313,0.0
06290,24005,2.043,0.006
06290,24015,7.111,0.014
06290,24025,98.044,1.375
06301,26067,2.908,0.06
06335,53045,5.349,0.001
06355,23027,3.522,0.018
06382,30031,13.349,0.041
06436,39091,6.211,0.0
06463,42027,7.84,0.0
06490,46019,2.86,0.0
06517,12099,7.21,0.0
06571,27139,3.549,0.0
06625,39077,1.964,0.047
06625,39143,2.507,0.023
06652,53073,50.132,2.915
06679,33005,0.73,0.029
06679,50025,1.691,0.018
06760,17201,12.848,0.297
06760,55105,19.088,0.538
06770,48209,3.359,0.0
06779,45007,4.562,0.011
06841,27007,14.459,1.045
06868,41017,42.407,0.304
06895,45069,7.47,0.494
06922,50003,11.633,0.116
06949,04003,2.714,0.002
07030,17055,4.982,0.02
07057,21157,4.127,0.055
07084,22015,4.476,0.007
07138,26021,52.345,1.244
07138,26159,0.183,0.0
07165,21151,11.478,0.052
07192,33007,4.944,0.174
07219,55047,3.221,0.013
07219,55137,0.233,0.0
07300,05015,4.182,0.0
07381,02050,15.0,0.252
07472,12017,116.781,3.586
07472,12083,2.046,0.104
07508,06071,15.929,0.214
07530,27141,5.424,0.821
07597,12087,8.463,0.254
07624,26107,7.343,0.059
07651,48227,20.643,0.234
07678,51195,6.581,0.089
07705,30111,54.7,0.137
07732,36007,64.294,2.837
07732,36107,5.435,0.229
07759,53073,13.056,0.152
07770,42011,7.952,0.01
07770,42029,0.61,0.002
07786,01073,378.07,1.422
07786,01115,17.744,0.165
07786,01117,113.457,2.004
07813,04003,3.153,0.0
07840,06027,5.49,0.007
07921,38015,31.073,0.161
07921,38059,10.782,0.243
07948,16011,7.513,0.177
07975,55053,3.704,0.003
08002,51121,33.979,0.052
08083,40071,3.844,0.007
08137,31177,8.181,0.0
08164,42063,4.835,0.002
08164,42129,0.385,0.0
08353,35045,6.248,0.034
08380,18105,43.036,0.005
08407,17113,50.362,0.221
08434,42037,19.277,0.535
08434,42079,1.41,0.0
08434,42093,0.058,0.0
08470,37027,0.453,0.0
08470,37189,2.746,0.044
08515,51185,9.336,0.027
08515,54055,29.363,0.112
08542,18179,6.504,0.077
08601,45013,63.241,1.821
08607,45013,21.114,0.034
08607,45053,2.191,0.0
08623,04012,0.591,0.001
08623,06065,5.609,0.042
08650,05093,14.532,0.0
08704,48259,9.651,0.0
08731,22117,10.903,0.03
08785,16001,139.23,1.939
08812,29167,5.916,0.008
08866,47069,4.741,0.0
08920,48147,5.029,0.0
08974,12021,173.775,15.938
08974,12071,69.184,5.081
09005,29187,2.202,0.021
09028,19015,7.609,0.001
09055,37189,18.187,0.068
09109,28117,6.37,0.01
09163,18173,2.829,0.013
09190,29053,5.824,0.022
09200,23015,11.226,4.181
09217,48233,9.417,0.02
09271,25005,84.16,2.082
09271,25009,302.871,19.719
09271,25017,556.085,19.777
09271,25021,282.173,10.992
09271,25023,248.337,7.695
09271,25025,57.198,7.05
09271,25027,37.278,0.822
09271,33015,87.785,3.554
09298,08013,25.449,0.253
09325,32003,5.724,0.0
09352,48337,4.315,0.018
09379,21227,52.176,0.293
09433,39173,11.338,0.064
09460,46093,1.847,0.0
09460,46103,4.236,0.0
09487,26029,5.316,0.066
09514,30031,21.393,0.053
09536,12015,44.682,5.809
09536,12071,1.705,0.111
09536,12081,175.261,13.784
09536,12115,182.633,19.845
09541,36009,0.026,0.0
09541,42083,5.717,0.112
09568,48307,2.926,0.008
09622,27035,16.139,1.006
09649,46099,4.682,0.003
09676,29209,2.412,0.0
09676,29213,32.422,0.443
09703,50025,5.727,0.039
09730,06025,4.763,0.0
09757,18021,6.603,0.019
09801,22099,21.265,0.308
09811,08117,11.15,0.0
09838,48429,4.847,0.004
09865,17027,2.343,0.0
09892,13045,0.922,0.0
09892,13143,6.454,0.008
09946,53035,146.91,31.859
09973,48477,10.264,0.031
10027,37175,13.821,0.004
10081,01053,6.258,0.02
10162,09001,297.711,8.034
10162,09005,5.573,0.066
10162,09009,75.648,2.691
10162,36119,18.36,0.089
10189,34011,12.164,0.186
10243,49003,10.136,0.002
10351,47163,36.564,0.112
10351,51191,20.901,0.022
10351,51520,11.221,0.044
10405,51165,3.599,0.029
10418,36055,6.424,0.054
10567,29115,3.213,0.009
10594,28085,10.035,0.023
10621,41015,7.15,0.127
10648,46011,11.098,0.0
10729,12053,8.351,0.099
10783,39113,4.076,0.0
10810,42065,3.64,0.082
10837,48445,4.357,0.012
10891,34005,17.328,0.569
10945,47075,7.387,0.0
10972,48061,62.102,2.418
10999,48049,13.539,0.0
11026,13127,59.007,1.335
11040,23005,17.514,1.034
11040,23023,9.243,0.514
11053,24021,3.64,0.002
11080,08087,2.52,0.0
11107,39171,5.076,0.007
11127,26021,4.151,0.053
11134,04013,7.782,0.0
11139,04013,2.81,0.0
11161,54097,6.511,0.0
11215,39033,6.856,0.0
11235,06083,1.593,0.001
11242,08015,5.138,0.034
11269,51163,0.05,0.0
11269,51530,3.995,0.001
11296,27171,8.181,1.21
11350,36029,286.343,2.793
11350,36063,54.159,0.274
11377,56019,3.283,0.0
11420,37085,7.141,0.043
11431,04015,33.909,0.31
11431,32003,1.485,0.249
11593,48485,6.482,0.0
11620,16031,5.714,0.399
11620,16067,3.832,0.296
11674,17071,0.384,0.042
11674,19057,20.732,0.046
11728,37001,77.058,0.718
11728,37081,10.217,0.052
11728,37135,4.743,0.022
11755,50007,62.014,0.996
11782,55101,12.709,1.233
11809,48053,3.571,0.021
11863,41025,3.019,0.0
11872,12015,2.795,0.185
11872,12071,1.47,0.134
11890,12119,2.823,0.0
11998,42019,28.463,0.147
12052,30093,15.287,0.0
12079,17141,3.323,0.26
12106,27109,3.087,0.0
12160,26165,10.862,1.945
12241,13131,8.013,0.089
12430,06025,5.41,0.0
12457,13129,20.391,0.055
12538,42051,3.022,0.232
12538,42125,3.028,0.26
12646,06055,2.287,0.018
12655,26061,2.484,0.014
12754,06111,22.479,0.017
12781,06079,2.735,0.0
12808,24019,8.651,0.14
12835,27059,5.941,0.228
12862,39059,10.976,0.05
12916,05103,11.05,0.0
12943,23013,4.067,0.119
13010,45055,34.638,0.257
13024,29029,8.87,0.0
13051,29049,2.729,0.026
13051,29063,1.778,0.006
13078,48331,3.502,0.0
13132,13205,4.744,0.013
13159,21217,8.491,0.119
13170,04025,5.202,0.0
13186,36057,4.019,0.145
13213,36069,13.071,0.041
13217,36053,3.766,0.005
13221,41005,5.898,0.002
13267,08043,15.919,0.012
13294,17057,5.423,0.0
13321,28089,23.707,1.547
13348,36089,2.218,0.092
13361,37087,8.872,0.006
13375,39151,175.982,1.195
13375,39153,4.212,0.056
13456,48381,7.324,0.026
13483,48091,9.235,0.015
13510,12015,0.037,0.0
13510,12051,0.607,0.0
13510,12071,331.157,39.273
13537,17003,0.065,0.0
13537,29031,31.152,0.047
13564,08045,2.638,0.0
13591,17077,21.454,0.496
13591,17199,0.211,0.0
13699,17117,2.987,0.0
13807,35015,19.475,0.254
13861,17193,2.647,0.02
13915,26157,4.543,0.0
13969,48127,4.237,0.013
13996,19027,4.967,0.0
14023,13045,34.417,0.623
14050,21041,3.516,0.024
14158,32005,4.564,0.0
14158,32019,0.811,0.0
14158,32510,20.81,0.065
14185,13015,44.422,0.035
14266,29097,8.584,0.0
14293,36045,2.479,0.001
14347,48365,7.46,0.006
14374,29155,3.25,0.001
14401,04021,21.465,0.0
14482,56025,27.878,0.331
14563,08035,35.706,0.006
14600,06053,3.38,0.086
14644,36039,6.422,0.087
14698,49021,18.298,0.0
14752,19103,0.751,0.0
14752,19113,85.279,0.941
14806,13233,9.57,0.029
14860,39107,6.087,0.07
14887,48419,6.782,0.007
14914,19007,3.48,0.027
14960,21177,4.279,0.003
15022,17027,1.651,0.0
15022,17121,7.728,0.023
15022,17189,0.434,0.0
15076,53041,20.391,0.232
15076,53067,9.998,0.08
15130,31045,2.305,0.0
15184,42055,34.675,0.009
15211,17019,46.524,0.377
15265,20133,5.798,0.011
15300,45063,6.323,0.01
15319,39055,5.224,0.019
15373,19067,4.083,0.069
15400,17029,7.753,0.0
15481,54039,76.747,5.703
15481,54079,16.175,2.262
15508,45015,92.714,1.185
15508,45019,184.215,5.512
15508,45035,62.135,0.264
15535,18019,4.026,0.014
15589,44009,6.321,1.27
15616,26029,4.046,0.123
15643,26045,8.439,0.171
15670,37071,1.784,0.663
15670,37097,66.001,2.912
15670,37119,452.946,5.603
15670,37179,121.555,1.061
15670,45091,15.327,0.06
15724,51003,26.635,0.279
15724,51540,10.238,0.018
15778,13213,16.113,0.009
15832,13047,45.799,0.101
15832,13083,0.412,0.0
15832,13295,25.344,0.015
15832,47065,220.148,2.139
15859,26031,6.028,0.075
15913,53007,7.542,0.044
15940,26161,3.547,0.051
15967,53063,3.298,0.0
15994,45025,6.935,0.049
15994,45069,0.416,0.0
16021,19035,3.138,0.0
16075,37045,0.14,0.0
16075,37071,5.73,0.012
16075,37109,0.306,0.0
16102,24003,0.913,0.028
16102,24009,12.178,0.134
16156,17157,3.962,0.012
16171,36071,4.572,0.008
16183,45023,6.291,0.01
16210,24029,3.029,0.02
16210,24035,1.391,0.001
16237,56021,33.875,0.088
16264,17031,884.075,10.787
16264,17037,2.774,0.002
16264,17043,295.53,6.636
16264,17063,7.716,0.022
16264,17089,198.803,3.598
16264,17093,47.875,0.538
16264,17097,237.285,5.983
16264,17111,73.327,2.302
16264,17197,311.414,4.489
16264,18089,228.189,3.926
16264,18127,50.897,0.666
16291,40051,9.75,0.048
16318,06007,33.715,0.056
16372,48075,3.222,0.014
16426,29117,5.981,0.027
16453,39141,16.394,0.15
16507,51001,4.059,0.127
16561,04025,13.721,0.0
16615,27137,2.182,0.027
16642,36053,2.128,0.002
16642,36067,0.035,0.0
16696,06039,4.825,0.046
16804,72039,8.223,0.012
16804,72091,3.097,0.001
16804,72145,0.257,0.0
16830,04012,3.2,0.0
16885,21015,76.505,0.116
16885,21037,33.351,1.986
16885,21117,70.29,2.507
16885,39017,121.443,0.61
16885,39025,98.921,0.531
16885,39061,288.346,2.358
16885,39165,63.419,0.461
16912,39129,7.376,0.008
17047,01021,9.058,0.055
17101,33019,5.982,0.02
17128,40131,15.431,0.001
17155,19145,2.358,0.0
17209,42031,3.373,0.016
17236,54033,21.126,0.07
17236,54091,0.095,0.0
17263,28027,7.415,0.006
17290,05071,7.793,0.046
17317,21047,13.381,0.011
17317,47125,99.706,0.049
17398,20027,2.516,0.002
17424,36045,2.747,0.509
17426,37101,36.033,0.16
17426,37183,0.229,0.0
17452,42033,7.074,0.113
17479,06033,8.133,0.068
17506,19033,8.624,0.029
17514,06033,6.725,0.041
17533,48251,24.511,0.131
17560,53037,4.527,0.0
17641,28011,8.233,0.0
17668,39035,414.668,1.847
17668,39055,17.754,0.251
17668,39085,121.361,1.067
17668,39093,47.021,0.218
17668,39103,22.399,0.037
17668,39133,19.133,0.884
17668,39153,71.473,0.302
17722,47011,54.974,0.044
17749,48291,4.541,0.0
17776,12051,5.549,0.15
17857,51005,4.352,0.088
17857,51023,0.146,0.0
17870,36069,4.198,0.0
17884,17039,3.646,0.0
17911,18121,0.071,0.0
17911,18165,3.063,0.0
17938,17195,2.717,0.724
17938,19045,16.393,0.554
17965,29083,6.052,0.072
17980,34019,10.465,0.098
17992,37163,9.09,0.056
18019,40039,4.342,0.0
18046,45059,8.463,0.016
18100,55135,2.672,0.094
18127,27017,9.428,0.195
18154,45091,5.186,0.011
18181,06097,3.372,0.0
18208,35009,16.064,0.067
18235,39143,4.796,0.052
18270,17063,4.732,0.089
18270,17197,5.556,0.104
18289,06019,4.262,0.008
18316,72043,13.525,0.001
18316,72133,2.399,0.01
18316,72149,0.337,0.0
18343,36095,4.33,0.004
18370,13023,5.453,0.113
18397,56029,6.909,0.012
18451,16055,46.756,0.774
18478,20125,6.676,0.0
18478,40105,0.764,0.0
18532,20193,2.964,0.0
18559,09011,5.04,0.013
18586,27145,3.211,0.0
18640,32031,3.469,0.0
18667,26023,10.698,0.298
18694,48083,2.788,0.0
18748,48041,81.626,0.069
18755,36009,1.018,0.001
18755,36029,1.32,0.015
18760,40143,3.433,0.018
18775,51193,1.729,0.011
18829,48335,2.785,0.0
18856,08041,200.363,0.405
18883,21001,3.382,0.038
18910,28091,6.298,0.024
18937,29019,67.198,0.274
18964,45039,0.041,0.0
18964,45055,0.081,0.0
18964,45063,174.297,2.79
18964,45079,193.076,4.252
18991,47119,30.146,0.01
19018,18183,6.035,0.019
19045,30029,4.251,0.001
19072,39029,6.168,0.0
19072,39099,0.813,0.07
19099,01081,23.896,0.196
19099,01113,21.487,0.038
19099,13053,7.431,0.001
19099,13145,0.209,0.0
19099,13215,89.834,0.633
19126,18005,26.283,0.324
19126,18081,1.35,0.0
19126,18145,0.229,0.0
19180,28087,20.082,0.279
19207,31141,13.483,0.216
19234,39041,78.646,0.465
19234,39045,22.663,0.024
19234,39049,383.547,7.148
19234,39089,22.246,0.11
19234,39129,2.648,0.0
19234,39159,6.409,0.115
19288,55021,3.96,0.034
19288,55027,0.12,0.001
19342,06011,2.965,0.0
19369,53065,3.226,0.0
19450,13011,0.742,0.002
19450,13157,9.592,0.033
19477,48231,3.342,0.022
19504,06013,175.763,0.653
19531,33013,26.648,0.781
19558,37025,119.31,0.396
19558,37119,7.301,0.031
19558,37159,73.447,0.085
19585,20029,3.125,0.0
19597,36051,4.787,5.05
19612,39007,8.278,0.017
19639,42039,3.768,1.487
19666,53021,2.176,0.0
19686,42051,11.265,0.067
19686,42129,9.338,0.0
19693,18041,7.452,0.015
19801,05045,32.88,0.278
19811,33003,8.759,0.291
19828,47141,45.461,0.095
19862,42089,19.742,0.853
19882,04021,4.139,0.008
19936,41011,14.627,0.922
19970,72057,2.594,0.005
19970,72123,1.849,0.0
19990,41011,3.434,0.114
20044,06031,6.287,0.0
20071,13081,8.598,0.028
20098,28003,12.8,0.015
20125,36091,1.397,0.0
20125,36113,1.563,0.161
20152,13011,1.095,0.001
20152,13137,18.471,0.095
20206,06103,3.047,0.0
20233,36101,10.78,0.207
20247,04019,3.432,0.0
20287,48355,120.475,1.364
20287,48409,8.798,0.067
20314,42049,3.819,0.001
20314,42123,0.343,0.0
20341,48349,15.522,0.134
20368,08083,4.248,0.027
20395,36023,10.344,0.047
20422,41003,17.453,0.047
20442,18061,3.589,0.0
20476,39031,7.81,0.06
20503,41039,5.248,0.068
20595,04025,16.906,0.0
20719,47167,5.998,0.0
20746,51005,2.247,0.029
20746,51580,5.08,0.201
20773,36039,3.763,0.014
20827,08081,5.501,0.0
20881,18107,9.771,0.03
20890,12129,9.719,0.0
20899,37077,6.791,0.033
20908,06015,16.336,0.087
20980,42013,0.206,0.0
20980,42021,3.675,0.0
20985,39033,2.933,0.005
20985,39139,0.248,0.0
20989,06071,16.851,1.343
21016,19175,4.515,0.002
21043,12091,39.844,0.694
21070,41039,2.443,0.017
21097,31151,2.603,0.031
21151,24039,2.688,0.153
21205,48225,6.56,0.0
21232,27119,4.649,0.0
21340,05003,9.01,0.182
21394,47035,26.801,1.163
21421,22001,7.085,0.007
21448,51003,4.487,0.027
21502,48507,3.542,0.004
21529,12017,14.085,1.151
21556,28029,3.956,0.01
21610,48123,4.365,0.018
21637,01043,21.491,0.176
21664,37099,6.097,0.0
21691,51047,9.371,0.025
21745,24001,27.236,0.254
21745,42009,0.146,0.0
21745,54057,4.313,0.009
21772,40081,1.477,0.0
21772,40119,7.834,0.012
21853,21097,2.989,0.055
21893,12101,14.397,0.376
21934,13187,3.147,0.0
21988,48111,2.312,0.002
21988,48205,1.187,0.0
22015,41053,5.496,0.0
22042,48085,173.765,0.999
22042,48113,682.999,9.444
22042,48121,77.475,1.491
22042,48139,55.985,0.598
22042,48251,27.683,0.012
22042,48257,1.808,0.003
22042,48367,3.861,0.0
22042,48397,42.706,0.55
22042,48439,680.595,11.671
22042,48497,0.02,0.0
22069,13047,1.631,0.0
22069,13313,55.858,0.077
22096,09001,90.869,5.001
22096,09005,22.698,0.226
22096,36079,4.403,0.624
22096,36119,0.519,0.166
22177,36051,3.195,0.0
22204,17183,27.794,0.862
22231,21021,13.607,0.052
22231,21137,0.007,0.0
22253,37033,0.057,0.0
22253,51143,6.74,0.025
22253,51590,29.515,0.533
22260,42093,4.242,0.017
22260,42097,0.971,0.0
22366,17073,4.231,0.115
22366,17161,64.96,5.118
22366,19163,65.668,2.37
22420,06095,0.11,0.0
22420,06113,12.053,0.035
22528,39017,1.664,0.0
22528,39023,6.492,0.036
22528,39057,60.133,0.158
22528,39109,2.666,0.001
22528,39113,212.923,1.887
22528,39165,36.014,0.543
22555,47143,9.119,0.237
22582,48291,5.407,0.0
22612,12035,70.82,1.97
22612,12109,0.003,0.0
22612,12127,141.536,10.234
22616,32019,3.318,0.0
22616,32029,0.521,0.0
22622,32019,4.498,0.001
22690,01079,0.001,0.0
22690,01083,1.577,0.023
22690,01103,41.891,0.383
22717,17115,55.107,2.933
22744,18001,6.559,0.006
22771,48497,6.198,0.0
22798,19191,5.196,0.043
22879,39039,12.369,0.535
22933,12131,7.17,0.267
22960,17037,25.632,0.242
22987,06029,7.365,0.0
22995,27171,3.093,0.0
23041,55127,9.095,2.755
23080,06047,2.34,0.0
23176,39003,2.074,0.019
23176,39137,0.025,0.0
23176,39161,1.338,0.009
23203,48465,18.808,0.083
23230,08029,6.227,0.05
23311,12127,108.983,4.857
23338,35029,8.197,0.0
23365,01091,4.549,0.032
23419,19047,4.493,0.009
23473,24011,3.266,0.036
23500,48113,18.787,0.97
23500,48121,131.029,0.926
23500,48439,0.664,0.0
23513,48121,7.062,0.025
23527,08001,139.355,3.957
23527,08005,146.962,1.786
23527,08013,3.728,0.038
23527,08014,22.714,0.531
23527,08031,110.951,1.62
23527,08035,61.515,0.139
23527,08059,155.749,3.245
23527,08123,3.567,0.01
23608,05133,4.812,0.02
23662,22011,11.454,0.072
23662,22115,3.074,0.014
23716,06065,14.079,0.0
23743,19049,25.293,0.028
23743,19153,194.195,2.762
23743,19181,5.255,0.0
23797,29099,4.4,0.14
23824,26087,0.081,0.0
23824,26093,3.906,0.082
23824,26099,255.616,2.8
23824,26115,7.334,0.152
23824,26125,504.828,27.707
23824,26147,9.718,0.047
23824,26161,0.481,0.0
23824,26163,502.862,2.897
23851,27005,9.202,9.93
23878,38071,5.072,0.006
23986,19045,4.004,0.0
24008,26161,2.494,0.001
24013,29207,7.744,0.094
24040,28045,5.067,0.087
24094,38089,12.258,0.077
24121,47043,16.451,0.063
24175,30001,2.747,0.0
24202,45033,6.33,0.043
24256,06013,4.202,1.112
24283,06095,4.395,0.003
24310,17103,7.817,0.385
24337,20057,10.918,0.128
24364,55049,3.255,0.0
24391,22005,6.007,0.15
24391,22007,4.304,0.0
24391,22093,5.338,0.431
24445,06047,2.293,0.0
24472,01045,3.524,0.0
24472,01061,0.091,0.0
24472,01069,51.472,0.15
24499,04003,5.481,0.0
24526,13069,16.594,0.208
24539,26005,4.232,0.541
24553,56009,3.279,0.0
24580,10001,72.304,1.036
24607,23031,2.585,0.029
24607,33017,49.728,1.01
24634,26027,3.557,0.047
24715,13175,20.431,0.164
24796,42033,6.63,0.055
24796,42065,0.529,0.0
24823,17085,2.319,0.014
24823,19061,31.848,0.074
24850,27137,49.689,3.295
24850,55031,17.177,1.652
24877,05041,3.107,0.0
24904,48341,4.937,0.0
24931,40137,13.611,0.064
24958,26115,3.901,0.037
25012,36013,12.753,0.045
25039,37085,11.111,0.053
25093,17145,4.061,0.021
25120,26155,3.78,0.048
25147,08067,9.451,0.033
25201,40013,12.006,0.016
25216,33017,4.036,0.025
25228,37037,8.0,0.042
25228,37063,143.07,1.09
25228,37135,32.044,0.175
25228,37183,0.241,0.0
25237,53033,2.474,0.001
25309,47045,12.976,0.088
25390,08037,3.406,0.018
25480,49049,2.021,0.0
25498,48323,21.145,0.141
25579,06107,1.35,0.0
25598,36029,5.819,0.017
25658,36103,35.852,2.266
25687,39029,12.709,0.092
25687,42007,0.115,0.002
25687,54029,2.702,0.535
25714,13091,5.962,0.072
25741,24041,11.15,0.133
25768,39029,2.907,0.0
25849,42089,38.937,0.315
25876,26069,5.005,0.0
25903,55127,4.141,0.638
25930,08123,2.16,0.0
25957,39135,4.494,0.001
25984,26045,2.805,0.055
26038,55017,23.26,0.675
26038,55035,39.235,3.277
26065,42021,2.589,0.012
26092,37157,14.235,0.016
26119,37041,3.586,0.069
26173,55025,0.506,0.0
26173,55105,5.684,0.191
26227,42049,2.437,0.075
26254,48239,3.695,0.0
26275,08037,11.603,0.226
26308,17049,13.576,0.029
26362,13105,5.021,0.027
26375,17089,3.565,0.0
26389,48481,7.828,0.008
26405,06025,19.352,0.018
26422,24013,18.38,0.183
26443,29131,3.338,0.0
26470,05139,20.262,0.0
26524,20015,7.446,0.008
26659,48021,3.745,0.0
26659,48453,1.022,0.0
26686,37029,0.645,0.009
26686,37139,15.871,0.0
26750,21093,54.692,0.501
26750,21163,1.133,0.001
26767,40009,9.013,0.0
26794,18039,93.736,3.123
26794,26027,1.203,0.0
26821,55127,6.94,0.056
26875,54083,7.121,0.0
26902,32007,12.56,0.0
26956,51165,4.805,0.025
26983,53037,8.84,0.021
27010,36111,3.303,0.03
27037,13123,13.212,0.112
27085,42007,3.598,0.015
27085,42073,3.761,0.11
27118,36015,31.625,0.456
27118,36101,0.073,0.0
27253,35013,11.15,0.229
27253,48141,244.734,0.758
27261,06079,29.963,0.044
27280,40017,8.715,0.005
27290,48215,6.255,0.0
27307,18095,4.541,0.0
27307,18159,0.091,0.0
27361,32033,3.096,0.0
27469,16045,5.73,0.079
27523,20111,11.187,0.081
27550,51081,2.071,0.004
27550,51595,4.471,0.056
27631,40047,29.487,0.014
27658,48139,12.418,0.349
27685,01031,20.911,0.058
27685,01045,2.836,0.0
27712,49039,1.746,0.0
27739,53025,4.272,0.0
27766,42049,73.339,0.23
27793,47171,5.926,0.005
27820,06077,1.988,0.0
27847,26041,18.063,0.16
27874,35039,14.943,0.162
27874,35049,5.194,0.001
27901,41005,2.991,0.006
27928,08069,12.15,0.271
27955,19063,3.45,0.0
28009,47107,4.505,0.0
28063,20045,2.62,0.042
28090,01005,6.229,0.011
28090,13239,0.725,0.0
28117,41039,73.485,0.064
28144,22001,0.61,0.0
28144,22097,6.523,0.03
28198,06023,18.795,1.459
28225,17203,2.522,0.048
28262,29099,1.797,0.0
28262,29189,7.537,0.017
28306,56041,7.674,0.044
28333,18129,1.029,0.007
28333,18163,88.098,1.005
28333,18173,23.626,0.112
28360,55105,2.803,0.0
28441,08059,9.46,0.085
28495,29047,5.561,0.0
28495,29177,0.139,0.0
28506,06107,2.87,0.0
28511,33015,11.732,0.122
28522,48141,1.691,0.023
28549,02090,74.303,2.54
28603,31095,2.36,0.004
28657,06095,40.809,0.239
28684,17191,3.262,0.025
28711,19101,5.383,0.046
28765,47035,9.635,0.4
28766,01003,59.065,0.26
28846,27091,3.638,0.381
28873,54049,19.776,0.704
28873,54091,0.412,0.0
28981,72037,8.826,0.001
28981,72053,11.042,0.202
28981,72089,7.775,0.009
28981,72103,6.716,0.008
28995,08041,8.476,0.0
29008,48047,2.186,0.0
29024,06073,26.026,0.028
29035,32001,13.961,0.007
29062,31147,3.353,0.005
29089,27027,17.97,0.01
29089,38017,59.762,0.104
29116,27131,10.241,0.237
29251,29187,18.053,0.04
29278,35045,32.623,0.014
29305,37147,2.948,0.0
29332,51049,0.632,0.01
29332,51147,5.931,0.103
29440,37051,166.092,1.862
29440,37085,5.374,0.023
29440,37093,24.458,0.165
29467,47103,12.435,0.0
29494,05007,119.117,1.972
29494,05143,78.681,0.446
29494,29119,0.471,0.003
29555,26049,24.436,4.905
29555,26093,5.216,0.659
29555,26125,0.013,0.0
29575,27111,7.636,0.604
29608,12089,50.554,1.137
29656,32019,9.94,0.0
29656,32031,0.657,0.0
29683,22029,4.836,0.0
29710,06111,2.633,0.0
29737,39063,25.63,0.158
29764,06019,2.444,0.055
29764,06039,0.043,0.0
29769,36103,2.864,0.051
29775,08123,15.216,0.195
29791,13017,8.504,0.203
29818,04005,29.263,0.03
29846,34019,18.244,0.023
29846,34035,0.149,0.0
29872,26049,204.756,1.741
29872,26125,0.702,0.0
29899,17025,3.185,0.0
29953,01033,25.368,0.052
29953,01077,29.259,0.089
29980,04021,2.655,0.0
30034,41039,7.98,0.015
30061,45031,13.578,0.12
30061,45041,54.46,0.446
30073,04021,5.874,0.0
30088,48493,3.853,0.006
30171,01003,49.045,0.424
30223,55039,24.69,0.313
30232,55127,10.253,3.432
30331,37161,26.891,0.074
30358,27003,0.357,0.01
30358,27025,2.523,0.044
30358,27163,11.133,4.335
30439,48257,19.678,0.071
30466,05123,7.014,0.02
30493,13207,5.202,0.012
30520,29213,6.597,0.017
30547,55055,6.904,0.113
30574,06045,9.808,0.137
30628,08069,106.67,6.077
30628,08123,11.307,0.974
30682,19187,13.615,0.199
30736,06071,3.617,0.0
30748,29169,26.177,0.008
30755,08123,2.33,0.0
30763,17067,0.319,0.0
30763,19111,5.642,0.0
30790,12105,2.319,0.026
30817,08087,5.542,0.0
30844,01049,8.646,0.012
30871,22115,9.457,0.025
30885,01045,7.766,0.0
30898,20011,5.103,0.006
30925,05033,20.551,0.02
30925,05131,51.804,0.304
30925,40079,1.618,0.0
30952,48371,5.985,0.0
30979,06023,5.821,0.0
31033,13225,5.81,0.013
31087,18003,163.172,0.27
31087,18183,0.424,0.0
31114,39063,1.625,0.07
31114,39147,5.214,0.006
31114,39173,1.469,0.006
31150,12069,11.198,1.385
31150,12095,5.222,0.283
31150,12097,19.211,0.242
31150,12105,48.852,2.145
31195,26145,2.923,0.038
31222,18023,7.486,0.0
31249,21073,22.272,0.515
31249,21239,0.056,0.001
31262,26019,4.237,0.051
31276,21213,8.337,0.018
31303,22101,6.197,0.061
31330,33013,4.225,0.208
31384,37113,13.965,0.318
31411,42121,5.623,0.029
31438,51093,1.186,0.008
31438,51175,0.228,0.0
31438,51620,5.025,0.035
31478,08049,4.454,0.005
31519,24013,4.617,0.017
31519,24021,75.675,0.663
31573,48171,7.829,0.006
31600,51177,50.612,0.588
31600,51179,28.556,0.564
31600,51630,10.45,0.069
31627,29123,3.269,0.006
31660,26145,8.46,0.007
31668,42079,1.563,0.0
31672,53029,12.077,0.134
31681,17177,10.621,0.037
31735,26123,3.832,0.062
31762,31053,13.771,0.326
31789,39143,13.395,0.364
31843,06019,157.8,1.246
31843,06039,1.312,0.0
31852,53055,4.425,0.472
31889,08117,2.153,0.0
31924,51187,10.707,0.021
31978,12105,7.493,1.935
32032,21075,1.957,0.018
32032,47131,1.199,0.0
32086,29027,8.671,0.091
32092,36075,5.732,0.29
32113,01055,61.209,2.029
32140,45021,15.427,0.048
32167,12001,87.697,1.345
32194,13013,2.497,0.036
32194,13085,13.746,0.682
32194,13117,88.786,1.44
32194,13135,4.655,0.01
32194,13139,131.596,9.344
32194,13157,10.385,0.056
32221,48097,9.555,0.01
32248,51035,0.83,0.0
32248,51077,0.003,0.0
32248,51640,5.788,0.026
32329,17095,21.923,0.055
32356,39033,6.41,0.016
32356,39117,0.004,0.0
32383,22057,18.698,0.367
32437,35031,13.678,0.0
32451,06067,7.087,0.0
32491,48039,0.034,0.0
32491,48167,108.947,3.065
32518,20055,12.749,0.026
32572,32005,12.679,0.019
32653,37071,120.299,1.008
32653,37119,4.28,0.325
32707,48099,10.175,0.012
32734,26137,10.26,3.314
32761,17073,3.757,0.0
32788,36051,2.411,0.0
32842,36069,7.39,0.005
32842,36099,8.836,0.285
32842,36123,0.533,0.0
32850,39007,4.833,0.0
32869,17037,2.195,0.05
32950,10005,4.933,0.0
32977,21067,0.013,0.0
32977,21209,15.048,0.152
33031,45043,9.246,0.496
33091,39113,2.781,0.0
33139,42001,8.271,0.239
33220,17117,2.84,0.0
33247,56005,19.652,0.028
33301,48459,4.091,0.013
33328,06085,42.54,0.0
33436,21009,11.798,0.025
33490,27085,3.194,0.007
33517,30021,5.426,0.012
33598,36091,8.095,0.29
33598,36113,35.628,2.7
33598,36115,7.895,0.025
33625,19129,2.403,0.012
33640,27121,4.242,0.0
33652,08045,5.461,0.0
33679,04007,8.139,0.0
33733,36035,15.536,0.01
33742,04021,7.869,0.0
33814,37191,53.16,0.157
33841,06053,1.542,0.003
33868,48177,4.356,0.0
33922,20181,2.794,0.0
33960,04013,9.598,0.0
34042,37037,3.622,0.01
34111,54091,3.484,0.131
34122,55089,23.105,0.359
34138,48503,4.701,0.0
34165,48221,21.866,1.832
34219,27119,4.829,0.0
34219,38035,21.655,0.093
34246,31079,29.602,0.268
34273,08077,75.608,1.373
34286,08049,5.378,0.058
34300,26081,233.606,5.389
34300,26139,40.752,0.749
34327,27061,10.454,0.83
34381,53077,4.125,0.0
34470,53061,3.097,0.087
34489,35006,6.145,0.0
34516,41029,4.549,0.361
34516,41033,25.868,0.444
34543,49045,4.394,0.0
34597,06057,29.652,0.021
34651,21043,5.202,0.088
34705,20009,6.241,0.104
34759,30013,30.305,0.705
34786,08123,37.299,0.143
34813,55009,113.658,2.848
34840,18133,4.758,0.051
34876,18029,18.306,0.459
34876,39061,0.465,0.0
34894,47059,21.97,0.005
34921,06053,2.138,0.0
34975,25011,14.251,0.097
35002,39071,1.703,0.0
35083,56037,5.559,0.08
35164,37081,169.307,2.174
35191,18031,8.747,0.035
35245,04019,20.165,0.015
35272,01013,5.607,0.0
35299,17005,2.986,0.0
35309,21177,5.46,0.097
35326,26117,6.643,0.122
35353,28151,16.786,0.023
35380,37147,66.378,0.351
35407,39037,6.653,0.062
35434,42085,7.932,0.011
35461,45007,20.376,0.259
35461,45045,185.632,1.361
35461,45077,41.754,0.075
35461,45083,14.406,0.535
35488,48231,17.303,0.024
35542,05131,6.612,0.143
35569,28083,10.677,0.028
35596,45001,0.372,0.0
35596,45047,35.147,0.258
35623,28043,7.121,0.0
35677,06007,3.98,0.0
35688,13231,0.076,0.0
35688,13255,27.837,0.379
35704,19157,4.334,0.041
35716,18017,0.207,0.0
35716,18103,4.099,0.003
35785,40041,10.187,0.004
35812,42085,6.077,0.003
35839,06083,1.142,0.004
35852,72055,2.901,0.003
35866,72015,7.197,0.016
35866,72057,7.253,0.003
35866,72109,7.316,0.116
35920,28045,21.357,0.524
35920,28047,116.683,9.011
35920,28059,30.597,2.47
35974,48213,15.977,0.023
35974,48257,2.429,0.001
36001,08051,3.656,0.005
36055,06047,1.164,0.0
36082,40083,6.835,0.0
36109,40139,4.815,0.0
36136,08037,5.777,0.112
36190,24043,49.309,0.017
36190,42055,8.939,0.0
36190,51069,0.776,0.0
36190,54003,61.372,0.059
36190,54037,0.373,0.0
36217,16013,5.269,0.005
36271,06081,8.347,0.0
36384,34037,21.806,0.954
36406,30081,3.979,0.004
36514,22063,2.97,0.0
36514,22105,73.45,0.277
36541,34001,8.097,0.139
36541,34007,0.165,0.005
36568,17089,2.725,0.0
36585,37133,3.468,0.073
36585,37141,27.981,0.15
36595,24005,0.021,0.0
36595,24013,7.863,0.01
36703,06031,18.231,0.0
36730,29127,9.829,0.017
36730,29173,0.772,0.0
36784,42001,8.111,0.043
36784,42133,17.599,0.003
36838,19165,2.598,0.0
36865,21095,4.802,0.231
36892,48061,53.521,0.727
36892,48215,0.636,0.0
36946,47145,30.492,0.153
36973,10001,3.361,0.007
37000,17165,5.291,0.031
37081,42041,93.005,1.453
37081,42043,113.394,9.748
37081,42075,10.761,0.033
37081,42099,2.889,0.004
37081,42133,30.201,0.056
37091,46083,2.446,0.0
37108,05009,12.39,0.029
37145,18029,0.375,0.001
37145,39061,7.077,0.027
37162,51165,15.288,0.026
37162,51660,15.815,0.048
37189,29037,6.833,0.035
37216,21167,6.527,0.016
37243,09003,448.909,8.105
37243,09005,10.916,0.222
37243,09007,40.415,0.279
37243,09013,35.688,0.522
37297,55027,0.391,0.002
37297,55131,14.483,1.547
37324,18009,3.521,0.019
37351,01103,13.908,0.053
37405,45031,12.681,0.453
37432,13147,6.774,0.012
37459,17111,4.364,0.0
37513,26015,4.739,0.355
37540,27037,7.363,0.034
37567,31001,12.821,0.144
37594,28035,36.298,0.098
37594,28073,27.321,1.394
37675,37049,15.732,0.114
37702,30041,4.092,0.0
37770,26035,3.249,0.301
37783,20051,9.739,0.0
37837,21193,7.748,0.3
37891,13161,4.945,0.073
37945,42025,0.584,0.0
37945,42079,17.843,0.023
37945,42107,0.592,0.0
37980,48257,2.767,0.055
38053,49051,13.141,0.0
38060,04017,9.223,0.0
38080,05023,7.773,0.017
38161,30049,31.68,0.07
38172,05107,6.111,0.0
38215,06065,37.058,0.122
38242,48473,3.029,0.001
38258,21101,15.26,0.102
38269,37181,16.274,0.029
38296,47023,5.409,0.009
38323,48401,10.5,0.055
38404,40111,5.22,0.0
38431,48117,6.672,0.0
38485,41059,15.479,0.016
38620,27137,6.877,0.011
38647,37003,5.756,0.428
38647,37023,62.344,0.124
38647,37027,55.266,0.362
38647,37035,97.971,1.167
38701,06073,3.755,0.0
38718,26039,0.113,0.003
38718,26143,4.412,0.0
38728,29107,2.111,0.014
38755,17119,5.311,0.041
38809,37057,26.011,0.009
38809,37067,0.411,0.0
38809,37081,55.284,1.509
38809,37151,19.088,0.123
38863,17135,3.886,0.048
38917,39071,4.828,0.0
38944,48217,5.947,0.023
38978,37135,10.972,0.137
38998,26059,6.671,0.111
39052,15001,23.439,0.084
39069,36055,4.029,0.0
39133,13179,32.944,0.096
39133,13183,4.286,0.016
39214,35025,25.993,0.051
39349,37019,19.648,0.118
39376,40063,2.502,0.008
39403,31137,2.937,0.014
39430,26005,11.273,0.069
39430,26139,53.53,3.307
39511,06069,13.179,0.011
39538,26125,5.087,0.402
39565,28093,5.317,0.0
39589,29027,4.738,0.131
39619,06025,1.615,0.005
39781,48325,3.036,0.005
39835,42127,3.979,0.211
39889,15003,144.974,3.309
39916,41027,5.568,0.006
39916,53039,3.763,0.0
39970,17183,2.259,0.0
40024,05057,7.867,0.063
40078,21047,22.823,0.11
40132,36101,5.776,0.0
40153,48453,3.797,0.0
40186,21009,1.384,0.003
40186,21099,2.31,0.013
40189,48053,1.68,0.003
40189,48299,6.799,0.098
40213,05051,50.244,4.631
40213,05059,0.033,0.0
40267,05051,11.025,1.121
40267,05125,9.105,1.256
40294,26061,7.946,0.238
40321,26143,10.906,0.323
40348,23003,2.505,0.0
40375,22007,3.816,0.049
40375,22057,35.185,0.307
40375,22109,55.888,0.27
40429,48039,96.831,0.176
40429,48071,22.424,0.177
40429,48157,249.137,5.746
40429,48167,53.862,2.156
40429,48201,1267.983,17.206
40429,48291,0.122,0.0
40429,48339,52.623,0.238
40429,48473,9.704,0.0
40537,36021,6.417,0.055
40547,27163,2.957,0.189
40547,55109,10.733,0.536
40564,40023,3.96,0.01
40618,19091,3.665,0.037
40645,47053,5.292,0.0
40672,18037,3.666,0.029
40699,42061,4.12,0.083
40726,18069,9.825,0.172
40753,21019,28.93,1.807
40753,21089,13.752,1.581
40753,39087,19.322,1.498
40753,39145,0.637,0.004
40753,54011,37.211,3.653
40753,54079,11.865,0.13
40753,54099,17.158,1.795
40780,01083,19.496,0.061
40780,01089,195.271,0.953
40807,48471,16.997,0.286
40813,01089,10.714,0.038
40834,06019,1.294,0.0
40861,46005,7.891,0.09
40888,49053,10.252,0.0
40915,20155,24.502,0.145
40942,27085,8.083,0.278
40969,40089,4.166,0.014
40996,16019,41.258,0.281
41023,36043,8.112,0.031
41077,12021,10.6,0.319
41100,06017,1.228,0.0
41100,06061,12.57,0.034
41100,32031,7.301,0.002
41131,19019,4.789,0.072
41158,20125,4.601,0.003
41185,42063,13.752,0.039
41212,18011,22.958,0.068
41212,18057,148.307,4.902
41212,18059,36.968,0.219
41212,18063,83.872,0.581
41212,18081,57.606,0.04
41212,18095,2.323,0.0
41212,18097,354.387,3.996
41212,18109,16.128,0.183
41224,24017,3.723,0.005
41239,19181,8.703,0.0
41266,28133,5.114,0.087
41320,12085,1.492,0.022
41347,06065,151.823,1.428
41365,45083,13.686,0.026
41401,27071,7.388,0.027
41482,20001,4.201,0.047
41509,06005,1.691,0.0
41536,26067,4.915,0.0
41590,19103,50.834,0.521
41617,19083,4.067,0.078
41644,48485,3.06,0.072
41657,25009,6.077,0.177
41671,26043,11.847,0.233
41671,55075,1.335,0.0
41752,26053,4.381,0.0
41752,55051,1.659,0.05
41806,21065,2.773,0.0
41820,27059,3.233,0.03
41833,26103,5.84,0.074
41914,36109,24.558,0.211
42049,06005,4.823,0.0
42076,13035,4.716,0.014
42157,26075,52.03,1.181
42211,28049,113.388,1.42
42211,28089,39.179,0.823
42211,28121,84.59,0.413
42238,39079,4.03,0.0
42265,47113,47.743,0.009
42292,55131,3.604,0.02
42319,56039,2.883,0.03
42346,12019,78.42,11.646
42346,12031,418.749,51.101
42346,12109,76.104,12.001
42373,17137,12.223,0.118
42400,37133,75.655,0.678
42427,48073,10.544,0.0
42481,36013,26.382,0.156
42508,38093,9.404,0.032
42562,55105,36.653,0.542
42616,01127,16.701,0.033
42670,13227,8.211,0.054
42697,18037,11.526,0.062
42751,48241,8.537,0.005
42778,72073,8.529,0.0
42805,22045,2.675,0.06
42805,22101,0.156,0.0
42849,13157,10.669,0.105
42952,55055,4.632,0.261
42967,29051,34.457,0.095
43021,22053,7.697,0.018
43048,16053,5.462,0.001
43064,42035,5.044,0.007
43064,42081,2.259,0.053
43075,17083,4.769,0.0
43102,13305,11.903,0.067
43115,09011,2.591,0.239
43210,47019,33.776,0.215
43210,47163,6.9,0.437
43210,47171,0.058,0.0
43210,47179,65.294,0.375
43227,32005,4.145,0.0
43253,08123,5.74,0.066
43264,39089,2.839,0.022
43291,42021,29.949,0.295
43291,42111,4.747,0.0
43345,05031,46.495,0.142
43372,22049,5.703,0.059
43399,29097,50.477,0.081
43399,29145,10.055,0.03
43426,27139,2.988,0.023
43439,06071,3.803,0.0
43453,72075,13.524,0.366
43453,72113,5.207,0.055
43453,72149,12.439,0.755
43507,20061,20.196,0.225
43507,20161,3.762,0.0
43534,41039,2.825,0.0
43561,02110,14.778,0.244
43615,15009,13.517,0.043
43642,15001,21.339,0.0
43669,15003,29.284,0.531
43723,26077,109.46,5.675
43777,30029,18.726,0.218
43885,17091,31.66,0.759
43912,20091,219.855,1.501
43912,20103,1.22,0.061
43912,20209,86.399,1.472
43912,29037,22.647,0.347
43912,29047,93.156,1.169
43912,29095,232.244,2.644
43912,29107,0.044,0.0
43912,29165,58.533,1.077
43939,15007,11.266,0.034
43993,22113,2.531,0.0
44047,27039,3.402,0.0
44074,48257,3.068,0.002
44155,29047,5.614,0.0
44182,31019,18.168,0.135
44209,33005,14.531,0.169
44236,15007,2.036,0.005
44344,02122,13.048,0.049
44371,18113,5.725,0.039
44452,29069,6.421,0.001
44479,53005,80.011,2.746
44479,53021,32.204,1.778
44506,55059,56.171,0.247
44533,39065,4.279,0.0
44560,17067,2.177,0.009
44560,19111,6.856,0.005
44587,06019,2.765,0.0
44614,48495,2.79,0.0
44641,48265,21.822,0.168
44668,02130,23.677,0.224
44695,16013,7.987,0.046
44722,17073,5.953,0.0
44789,12087,14.996,1.983
44803,24001,0.231,0.0
44803,54057,3.163,0.0
44830,12007,2.296,0.169
44830,12019,7.918,1.087
44857,12087,6.769,1.345
44911,15009,8.144,0.006
44938,48183,19.334,0.021
44938,48401,2.429,0.001
44965,37053,8.121,0.047
44965,37055,25.431,0.8
44992,48027,75.548,0.263
44992,48099,24.433,0.013
44992,48281,0.442,0.0
45032,29209,9.355,0.004
45073,06053,3.007,0.004
45127,04015,22.541,0.0
45157,06019,3.648,0.0
45157,06107,0.268,0.0
45181,48053,1.285,0.006
45181,48299,9.054,0.055
45196,13039,30.432,0.352
45208,37045,11.047,0.013
45208,37071,1.092,0.0
45235,47073,18.609,0.049
45235,47163,64.911,0.952
45235,47179,9.911,0.007
45235,51169,0.621,0.0
45262,36111,31.098,0.824
45289,45089,5.083,0.0
45316,48273,12.686,0.003
45370,26033,3.201,0.0
45397,37107,17.907,0.01
45424,29001,8.595,0.022
45436,35045,5.902,0.0
45443,36071,28.754,0.826
45451,12095,41.231,0.583
45451,12097,120.35,3.387
45478,42005,10.338,0.46
45505,41035,23.689,0.679
45613,19125,3.833,0.0
45640,47001,46.024,0.66
45640,47009,73.768,0.124
45640,47093,278.157,3.686
45640,47105,31.168,0.043
45640,47145,2.79,0.0
45667,02150,4.984,0.253
45694,18067,32.012,0.0
45694,18103,0.349,0.0
45694,18159,0.138,0.0
45721,28007,5.593,0.002
45761,48121,3.27,0.003
45775,16001,6.326,0.018
45802,42011,3.746,0.018
45829,12043,0.201,0.0
45829,12051,8.186,0.013
45856,33001,27.466,2.894
45856,33013,0.917,0.025
45910,27055,3.232,0.317
45910,55063,38.898,2.116
45910,55123,0.107,0.0
45991,13295,6.367,0.0
46018,18157,68.741,0.917
46045,22045,9.253,0.0
46045,22055,145.053,0.195
46045,22097,0.216,0.0
46045,22099,2.894,0.0
46045,22113,3.784,0.011
46099,47111,5.319,0.0
46126,08001,1.503,0.002
46126,08013,23.124,0.283
46126,08014,3.436,0.007
46126,08123,6.927,0.004
46153,47013,23.812,0.345
46180,48453,8.375,0.0
46207,41061,6.186,0.0
46234,13285,31.46,0.051
46288,21185,20.193,0.335
46342,48149,3.82,0.003
46396,15009,5.342,0.007
46423,15003,3.41,0.0
46450,08089,3.88,0.012
46489,12083,2.994,0.234
46531,22019,127.742,0.894
46558,12023,28.557,0.24
46585,27049,0.468,0.001
46585,27157,2.33,0.008
46612,45041,5.516,0.0
46639,48339,7.745,0.033
46666,48339,19.266,2.421
46684,55021,1.631,0.084
46684,55111,7.726,0.576
46687,36029,7.737,0.0
46693,55127,6.341,0.031
46747,04015,33.787,0.046
46760,17037,0.496,0.0
46760,17099,3.804,0.483
46774,06029,2.461,0.02
46801,48039,34.348,1.945
46828,12057,0.1,0.0
46828,12105,145.833,11.604
46882,55055,4.069,0.018
46889,34037,8.233,1.254
46909,51065,6.325,0.536
46963,06057,2.318,0.351
46972,51137,7.027,0.805
47010,12055,23.566,3.573
47017,36031,3.462,0.208
47044,09007,7.653,0.822
47071,06033,6.203,0.045
47120,37069,3.21,0.537
47125,18089,4.223,0.319
47125,18127,1.177,0.163
47287,08099,4.259,0.014
47368,34019,1.268,0.001
47368,42017,4.359,0.046
47395,48115,4.344,0.009
47412,06029,2.794,0.0
47422,48281,3.915,0.009
47503,39045,20.051,0.075
47530,42011,0.055,0.0
47530,42071,180.073,1.35
47530,42133,1.403,0.0
47557,45057,22.367,0.03
47638,56013,2.993,0.0
47665,37149,2.152,0.0
47665,45045,0.433,0.134
47665,45083,2.815,0.006
47719,26037,26.338,0.539
47719,26045,33.957,0.739
47719,26065,95.533,2.075
47746,26087,8.833,0.229
47800,24017,6.265,0.005
47827,56001,15.182,0.016
47854,48479,64.205,0.605
47865,72027,3.333,0.0
47865,72065,1.763,0.0
47865,72081,23.225,0.0
47865,72131,1.729,0.0
47865,72141,0.031,0.0
47881,20145,2.083,0.0
47935,35013,64.471,0.02
47989,35047,6.983,0.0
47995,32003,435.295,0.588
48016,32003,1.52,0.0
48043,28067,20.225,0.097
48070,30111,5.935,0.004
48151,45059,9.674,0.0
48178,37165,13.145,0.149
48232,20045,29.925,0.416
48259,21005,6.555,0.03
48286,47099,9.668,0.0
48340,17101,2.604,0.0
48394,40031,46.834,0.053
48421,46081,3.884,0.0
48448,08065,2.495,0.0
48475,20103,21.676,0.032
48502,18011,8.362,0.0
48529,21155,4.942,0.012
48556,29105,12.401,0.058
48583,33009,23.187,2.525
48583,50027,6.976,0.123
48637,41043,8.545,0.145
48664,42011,0.085,0.0
48664,42075,32.624,0.148
48691,47189,30.292,0.004
48745,25003,12.558,0.164
48799,12069,85.601,8.234
48799,12095,0.494,0.022
48826,29037,3.147,0.657
48826,29095,34.447,0.413
48853,22115,6.882,0.039
48890,42025,9.859,0.202
48915,34005,3.277,0.116
48934,21085,5.458,0.01
48988,19149,5.468,0.0
49015,06031,6.672,0.0
49042,06031,5.104,0.0
49096,25017,0.128,0.012
49096,25027,52.804,2.108
49109,24037,6.178,0.06
49150,36037,2.988,0.001
49204,48219,6.405,0.002
49231,10005,38.303,0.692
49258,47117,9.383,0.006
49285,54025,7.004,0.114
49312,16069,16.026,0.419
49312,53003,11.652,0.106
49312,53075,0.251,0.0
49339,23001,31.417,0.841
49366,30027,2.918,0.0
49393,42087,11.984,0.144
49474,31047,4.71,0.013
49528,47077,6.654,0.002
49555,51163,2.784,0.022
49555,51678,2.499,0.026
49582,21067,81.9,0.787
49582,21113,2.094,0.007
49594,24009,14.523,1.361
49594,24037,32.13,0.728
49609,30053,3.515,0.065
49636,20175,10.616,0.221
49663,36105,3.069,0.0
49690,48291,5.374,0.0
49771,15007,7.042,0.03
49852,39003,47.554,1.46
49852,39011,1.106,0.0
49906,17107,8.101,0.004
49933,31109,94.174,1.151
49945,33009,4.921,0.178
49955,41041,2.918,0.014
49960,41041,6.672,0.987
49987,37071,0.031,0.0
49987,37109,28.377,0.136
50014,48423,12.297,0.52
50041,06107,2.885,0.0
50122,27025,6.223,2.792
50149,18055,2.98,0.0
50230,17135,4.879,0.009
50257,27093,3.903,0.017
50275,45043,17.015,0.414
50311,27097,7.41,0.432
50338,36043,3.379,0.093
50365,48279,2.997,0.0
50392,05085,23.418,0.081
50392,05119,189.321,2.394
50392,05125,55.076,0.682
50419,42001,3.455,0.004
50473,06101,1.665,0.0
50500,12121,5.299,0.001
50533,06001,65.259,1.385
50581,06047,2.637,0.0
50608,30067,4.48,0.031
50662,48373,6.893,0.011
50743,48055,8.325,0.006
50770,42035,7.898,0.328
50797,36029,0.108,0.0
50797,36063,17.633,0.039
50851,06077,16.34,0.1
50932,39073,4.317,0.091
50959,49005,47.725,0.034
50986,54045,6.415,0.604
51013,18017,10.477,0.263
51025,72087,3.486,0.065
51025,72119,0.905,0.0
51040,06083,9.81,0.028
51121,39097,5.079,0.01
51131,21121,5.815,0.022
51131,21125,34.499,0.149
51131,21235,7.63,0.066
51148,53049,2.926,0.001
51175,08013,23.199,0.274
51175,08123,0.97,0.0
51202,10005,22.018,1.626
51256,48183,73.326,0.187
51256,48203,13.268,0.16
51256,48401,0.675,0.0
51256,48459,2.988,0.007
51283,41009,2.297,0.0
51283,53015,32.894,1.073
51364,39043,3.844,0.071
51364,39093,86.77,0.814
51418,35028,8.521,0.001
51445,06037,1187.326,14.349
51445,06059,361.037,4.207
51445,06071,85.435,0.08
51445,06111,3.028,0.0
51472,06047,8.406,0.0
51499,35061,39.419,0.013
51520,06079,3.832,0.006
51580,21127,2.805,0.015
51580,54099,0.829,0.068
51755,18019,52.257,0.584
51755,18043,25.015,0.282
51755,21029,23.575,0.261
51755,21111,282.579,6.53
51755,21185,17.377,0.172
51755,21211,0.056,0.0
51769,35025,4.805,0.006
51796,18089,5.275,0.026
51823,26081,5.555,0.133
51877,48303,106.274,0.836
51958,26105,12.696,0.049
51985,48005,36.74,0.219
52039,48055,2.788,0.0
52039,48187,0.021,0.0
52066,37155,20.374,0.074
52093,51139,4.099,0.02
52147,27133,2.285,0.004
52201,51009,16.183,0.091
52201,51019,16.264,0.236
52201,51031,17.383,0.175
52201,51680,41.768,0.226
52228,53073,5.314,0.011
52363,40121,15.527,0.036
52390,48215,326.218,0.649
52403,16085,6.041,0.069
52417,12003,8.454,0.0
52471,28113,13.105,0.06
52525,31145,5.243,0.0
52552,06029,1.862,0.0
52606,48309,2.317,0.0
52623,17111,2.347,0.007
52633,47017,3.834,0.0
52633,47079,0.435,0.0
52633,47183,0.132,0.0
52672,06023,7.885,0.011
52695,48085,104.182,0.682
52695,48121,47.459,0.788
52741,41071,12.805,0.0
52768,47177,13.221,0.0
52795,17109,8.745,0.007
52822,13021,93.712,0.816
52822,13169,5.436,0.002
52822,13207,0.125,0.0
52876,29121,5.078,0.017
52903,20113,8.641,0.066
52984,06039,20.96,0.0
53065,13211,4.792,0.031
53092,18077,10.77,0.046
53146,46079,4.309,0.0
53200,55025,149.704,1.281
53227,21107,16.114,0.118
53254,47123,7.169,0.0
53308,41031,4.678,0.0
53322,06007,5.878,0.003
53362,05027,8.778,0.035
53389,42107,0.829,0.0
53416,17019,6.874,0.054
53524,36033,3.452,0.066
53551,05059,6.698,0.0
53605,06051,3.76,0.002
53686,19055,3.609,0.0
53740,33011,61.428,1.53
53740,33013,18.751,0.373
53740,33015,0.453,0.0
53767,47031,10.437,0.006
53794,22103,83.728,1.721
53794,22105,0.602,0.0
53834,17197,2.935,0.0
53848,20149,4.12,0.038
53848,20161,21.718,0.021
53902,26101,9.083,0.155
53956,55071,23.526,0.985
53983,27013,18.829,0.21
53983,27103,6.803,0.097
54037,45027,3.879,0.0
54050,48453,5.326,0.0
54064,22031,4.059,0.026
54091,39139,47.684,0.093
54145,06077,20.471,0.315
54172,17091,6.009,0.095
54199,37055,5.272,0.061
54280,19097,3.779,0.006
54295,04019,3.256,0.0
54307,12087,5.546,2.004
54334,48053,5.516,0.202
54388,17111,3.809,0.0
54442,12063,4.346,0.007
54477,04021,13.2,0.071
54486,39167,11.8,0.371
54486,54107,1.754,0.244
54496,26109,4.81,0.134
54496,55075,9.978,0.598
54577,18053,21.862,0.075
54631,37111,13.643,0.049
54658,39101,18.393,0.092
54685,45067,5.43,0.0
54712,51173,7.168,0.029
54722,17199,32.973,0.444
54739,12083,16.328,0.006
54793,22009,6.412,0.0
54820,48145,4.103,0.044
54874,26103,12.691,0.051
54901,17099,2.392,0.0
54955,26025,4.59,0.029
54982,27083,8.293,0.0
55009,29195,6.815,0.072
55036,48203,16.165,0.021
55090,19127,12.098,0.01
55117,29225,5.336,0.003
55144,55073,1.006,0.0
55144,55141,10.263,0.0
55171,47183,8.037,0.0
55225,18109,6.174,0.187
55252,51089,29.068,0.033
55252,51690,10.721,0.052
55306,39159,11.557,0.149
55333,53061,67.799,1.886
55360,29147,5.613,0.006
55375,17163,3.211,0.054
55414,19033,14.667,0.274
55468,36089,6.168,0.331
55495,48409,3.243,0.0
55534,26077,0.46,0.0
55534,26159,5.883,0.064
55576,17029,8.344,0.018
55603,45045,94.113,0.787
55603,45059,3.512,0.034
55603,45083,3.579,0.028
55738,72011,1.691,0.0
55738,72067,6.687,0.0
55738,72083,0.067,0.0
55738,72097,37.844,0.033
55738,72125,3.856,0.0
55765,21083,9.411,0.061
55792,37157,4.593,0.008
55819,21161,7.336,1.301
55819,39015,1.623,0.208
55832,42071,3.132,0.007
55846,55027,2.743,0.088
55900,42039,15.76,0.006
55927,06065,0.626,0.0
55954,36083,0.168,0.0
55954,36091,6.376,0.022
55981,41029,63.02,0.152
56008,55119,3.032,0.029
56035,36073,3.056,0.072
56062,39103,27.779,0.277
56074,48085,14.754,0.073
56074,48181,2.193,0.0
56116,05035,22.689,0.048
56116,28033,100.46,0.693
56116,47047,0.433,0.0
56116,47157,367.685,2.825
56143,05113,6.97,0.046
56170,06019,4.263,0.003
56197,17099,2.851,0.027
56224,55033,10.625,1.599
56251,06047,43.077,0.012
56290,33001,4.9,2.066
56305,28075,29.477,0.162
56359,55069,7.518,0.639
56413,04015,0.015,0.0
56413,32003,9.955,0.0
56467,17127,2.988,0.003
56521,48293,4.491,0.032
56548,29007,6.712,0.06
56602,12011,386.019,21.177
56602,12085,2.652,0.354
56602,12086,396.763,41.238
56602,12099,458.74,24.895
56629,40115,9.205,0.011
56656,18091,38.737,1.608
56656,18127,1.579,0.0
56656,26021,8.843,0.047
56737,50001,4.377,0.103
56791,39105,1.692,0.038
56791,54053,3.822,0.519
56818,21013,7.448,0.098
56818,47025,4.343,0.0
56829,16027,4.468,0.022
56845,10003,24.16,0.109
56899,36071,25.961,0.134
56926,39017,37.535,0.349
56926,39165,16.08,0.0
56980,26017,5.352,0.061
56980,26111,32.628,0.32
56980,26145,0.166,0.0
57007,48329,68.288,0.056
57034,48139,24.72,0.205
57088,26115,1.668,0.053
57088,26161,1.725,0.029
57115,47053,5.998,0.0
57169,30017,4.634,0.003
57196,10001,4.901,0.08
57196,10005,7.071,0.135
57223,13009,19.784,0.018
57304,42043,1.873,0.0
57319,47157,12.689,0.016
57331,23019,3.297,0.052
57358,10005,6.634,0.074
57402,50007,5.531,0.085
57412,41059,3.336,0.0
57439,42097,7.78,0.005
57439,42119,10.134,0.033
57466,55055,0.48,0.0
57466,55079,224.339,1.269
57466,55089,23.193,0.549
57466,55101,0.909,0.004
57466,55131,11.595,0.024
57466,55133,203.167,8.237
57493,22119,12.917,0.09
57547,48499,5.655,0.059
57574,48363,7.856,0.009
57574,48367,0.999,0.017
57628,27003,138.186,7.226
57628,27019,35.513,2.503
57628,27037,154.966,7.502
57628,27053,364.522,22.782
57628,27123,150.315,16.968
57628,27139,50.946,2.918
57628,27141,16.013,0.978
57628,27163,78.266,5.306
57628,27171,26.066,0.783
57655,38101,26.67,0.034
57698,39011,4.179,0.0
57709,06059,163.062,0.641
57709,06073,0.571,0.0
57736,30063,44.292,0.227
57817,46035,9.113,1.066
57844,49019,6.62,0.0
57898,29175,11.427,0.01
57925,01097,220.748,3.904
57979,37059,6.403,0.016
58006,06099,70.379,0.363
58033,41005,2.491,0.0
58087,48475,7.302,0.012
58162,42003,0.752,0.197
58162,42051,2.81,0.29
58162,42125,17.197,1.152
58162,42129,12.216,0.62
58195,29009,4.187,0.014
58195,29109,1.576,0.001
58222,17187,4.155,0.021
58249,41053,4.939,0.08
58303,13297,13.081,0.114
58330,22073,90.971,2.198
58357,26115,35.345,0.733
58369,53061,11.463,0.06
58384,55045,4.374,0.0
58411,01099,4.858,0.0
58420,36103,5.927,0.269
58429,48071,10.794,0.061
58469,53027,10.018,0.046
58492,01021,0.164,0.0
58492,01117,4.905,0.025
58519,27023,4.083,0.05
58600,01001,21.586,0.083
58600,01051,15.725,0.189
58600,01101,107.789,0.673
58708,05043,7.782,0.027
58735,17147,3.92,0.002
58762,18015,1.549,0.0
58762,18181,11.569,0.065
58816,21231,6.453,0.04
58830,27141,0.58,0.204
58830,27171,8.084,0.446
58843,36105,9.85,0.62
58951,08085,19.483,0.0
58961,27171,2.753,0.754
59167,21205,8.123,0.122
59194,37031,46.92,1.324
59221,22007,0.921,0.103
59221,22101,18.811,0.799
59275,54061,40.699,1.045
59302,05029,5.721,0.065
59329,17063,8.638,0.127
59356,27149,3.363,0.0
59410,47057,6.616,0.001
59410,47063,46.44,0.027
59410,47073,0.298,0.0
59410,47089,10.552,0.043
59430,06079,5.307,0.001
59491,16057,6.405,0.003
59518,53025,27.674,3.795
59572,13071,19.251,0.247
59590,54051,4.451,0.0
59653,29215,0.101,0.0
59653,29229,3.107,0.031
59680,05005,16.131,0.016
59707,16039,6.558,0.005
59761,24023,4.374,0.016
59779,42079,10.227,0.0
59815,37171,20.334,0.17
59842,17185,4.296,0.0
59950,55025,2.985,0.0
60085,19087,6.852,0.003
60112,26073,14.763,0.18
60166,48449,12.734,0.325
60184,12069,3.985,0.152
60184,12095,0.047,0.006
60223,06093,6.029,0.005
60274,21173,11.681,0.051
60328,17081,12.812,0.092
60355,18129,4.84,0.024
60382,19113,3.357,0.006
60463,39083,9.494,0.164
60490,53057,30.663,0.557
60502,21029,13.004,0.065
60517,55127,1.472,0.242
60517,55133,14.371,0.902
60571,48017,2.686,0.0
60598,45067,4.01,0.0
60625,18035,48.202,0.251
60652,42081,4.987,0.018
60663,04005,1.195,0.0
60733,47149,86.132,0.133
60787,21035,11.838,0.016
60814,19139,16.033,0.04
60841,26121,76.539,2.823
60841,26139,35.525,3.737
60868,40101,30.639,0.055
60895,37019,30.716,1.59
60895,45043,8.07,0.139
60895,45051,180.152,3.077
60930,34005,0.034,0.0
60930,34029,12.941,0.93
60949,48347,25.005,0.076
60976,16027,65.864,0.165
61003,25019,11.651,0.232
61057,06055,20.348,0.168
61084,39069,6.241,0.206
61111,18039,3.903,0.0
61111,18085,0.418,0.001
61165,25017,0.378,0.0
61165,33011,117.522,2.191
61165,33015,77.661,1.395
61219,13019,3.627,0.044
61273,47037,295.103,2.246
61273,47147,7.789,0.012
61273,47149,61.189,0.05
61273,47165,76.346,2.549
61273,47187,102.948,0.389
61273,47189,41.579,0.062
61327,22029,5.597,0.007
61327,28001,16.794,0.007
61354,22069,11.066,0.465
61372,12091,67.412,7.342
61372,12113,40.962,0.452
61372,12131,11.244,0.531
61381,48185,7.058,0.04
61408,31131,4.191,0.0
61435,04015,1.737,0.032
61435,06071,3.814,0.143
61489,39009,2.942,0.003
61489,39073,0.173,0.001
61543,29145,9.759,0.01
61570,49023,3.513,0.0
61597,19169,3.684,0.011
61624,29217,6.115,0.034
61651,28145,8.213,0.04
61678,36069,0.161,0.032
61678,36117,8.668,0.07
61705,39045,2.737,2.35
61705,39089,39.722,0.763
61705,39127,1.631,0.326
61786,25005,52.065,2.855
61786,25023,7.241,2.146
61813,41071,10.661,0.016
61840,37049,41.283,1.335
61894,45071,10.418,0.012
61921,48037,3.728,0.003
61948,48091,34.442,0.345
61948,48187,15.985,0.483
62083,39023,1.524,0.009
62110,08045,2.22,0.028
62137,18065,7.671,0.018
62164,42073,28.628,0.283
62353,42133,6.12,0.009
62407,09003,0.003,0.0
62407,09007,44.796,1.011
62407,09009,248.699,8.841
62407,09011,4.514,0.045
62434,22045,24.818,0.271
62488,39127,2.171,0.002
62515,55087,1.628,0.026
62515,55135,2.953,0.056
62569,06099,2.085,0.0
62623,39111,0.953,0.0
62623,54103,2.903,0.062
62677,22051,99.666,8.09
62677,22071,80.284,6.113
62677,22075,18.847,0.796
62677,22087,16.26,0.872
62677,22089,24.417,5.926
62704,36111,4.888,0.007
62731,39157,23.808,0.359
62758,05067,4.579,0.021
62839,41041,9.412,0.277
62893,47029,9.881,0.0
62893,47089,0.022,0.0
62947,27079,1.295,0.0
62947,27139,1.964,0.0
62974,55109,4.622,0.017
63001,22077,7.321,4.771
63028,47025,6.664,0.0
63082,19099,7.133,0.0
63109,20079,11.448,0.008
63137,34037,7.902,0.425
63152,39155,4.485,0.097
63163,27015,5.818,0.0
63217,34003,216.853,13.298
63217,34013,122.547,3.214
63217,34017,46.194,16.153
63217,34019,8.069,0.052
63217,34021,13.414,0.276
63217,34023,238.761,7.737
63217,34025,274.432,12.953
63217,34027,235.712,11.462
63217,34029,235.331,14.602
63217,34031,81.672,3.493
63217,34035,168.838,1.37
63217,34037,7.889,1.766
63217,34039,102.766,2.644
63217,34041,6.053,0.102
63217,36005,39.691,11.701
63217,36047,67.143,7.613
63217,36059,245.049,9.936
63217,36061,22.656,11.203
63217,36079,47.009,3.425
63217,36081,103.797,7.897
63217,36085,56.705,6.524
63217,36087,121.495,21.834
63217,36103,550.514,14.66
63217,36119,235.528,27.944
63232,06033,3.795,0.189
63244,21113,11.976,0.05
63282,06079,10.165,0.0
63325,04023,12.692,0.01
63406,31119,12.095,0.088
63406,31167,0.665,0.0
63433,40027,45.786,0.503
63433,40087,0.175,0.035
63460,25003,16.126,0.161
63514,53033,5.56,0.076
63541,27025,4.344,0.009
63622,42049,3.509,0.001
63676,27037,0.432,0.0
63676,27131,8.441,0.012
63784,18169,2.841,0.058
63811,31111,12.965,0.094
63865,18079,5.111,0.01
63973,23005,14.003,0.192
64054,39043,0.821,0.0
64054,39077,9.091,0.008
64108,36017,3.006,0.0
64135,09011,116.719,11.875
64270,06099,7.353,0.039
64297,22003,4.75,0.022
64378,53029,23.651,0.089
64459,37019,15.397,0.256
64475,47047,7.914,0.057
64498,34027,5.243,0.431
64498,34031,0.165,0.0
64550,39093,2.938,0.005
64567,12083,125.025,0.222
64648,53049,8.988,0.231
64660,10005,7.043,0.163
64660,24047,21.787,1.951
64675,53027,8.368,0.887
64702,10005,23.518,1.343
64837,29107,2.802,0.031
64864,48135,77.763,0.435
64864,48329,8.233,0.046
64891,19019,0.603,0.0
64891,19065,4.233,0.086
64918,31101,3.266,0.0
64945,49003,1.593,0.0
64945,49011,112.339,0.48
64945,49035,0.553,0.0
64945,49057,98.113,0.053
64972,36089,4.923,0.084
64999,42121,8.521,0.252
65026,12043,1.2,0.107
65026,12093,22.682,0.779
65080,40017,52.205,2.04
65080,40027,47.34,0.606
65080,40083,9.266,0.003
65080,40109,312.919,5.033
65107,40111,7.386,0.0
65161,36009,13.179,0.261
65188,17159,6.138,0.0
65242,53067,106.205,5.22
65269,19155,35.172,1.155
65269,31055,166.574,2.932
65269,31153,69.065,0.889
65296,53047,6.042,0.116
65404,36053,3.259,0.029
65404,36065,3.073,0.0
65485,01009,4.373,0.001
65512,36025,0.338,0.004
65512,36077,6.804,0.078
65539,16075,7.089,0.01
65539,41045,6.85,0.0
65593,22097,18.586,0.027
65620,01039,5.2,0.072
65647,48361,36.722,1.91
65674,51137,2.946,0.016
65701,45075,26.574,0.138
65728,19167,4.237,0.0
65755,06019,1.651,0.0
65767,12021,9.273,0.803
65809,55025,4.525,0.0
65836,06021,4.504,0.0
65863,12069,50.767,12.948
65863,12095,418.212,44.244
65863,12097,6.253,0.074
65863,12117,169.382,7.875
65901,26021,3.687,0.024
65917,06107,1.992,0.0
65944,06007,26.428,0.023
65971,39169,5.407,0.014
66060,29029,13.042,0.652
66060,29131,0.23,0.002
66106,05093,4.434,0.013
66133,19039,3.683,0.0
66148,26001,3.202,1.213
66148,26069,15.385,0.555
66160,55139,32.842,1.572
66187,19123,8.236,0.0
66241,36075,11.323,0.582
66268,53001,4.625,0.0
66285,26005,8.416,0.36
66295,17099,9.99,0.545
66322,20059,6.303,0.029
66349,39137,4.795,0.055
66376,19179,12.811,0.343
66430,27147,12.517,0.0
66457,36107,3.208,0.224
66484,21059,36.398,0.198
66538,26155,13.614,0.181
66565,28071,24.31,0.053
66592,37077,6.653,0.0
66619,39017,7.23,0.003
66646,42029,6.575,0.019
66673,06111,76.607,1.551
66690,01045,16.713,0.069
66740,29071,6.177,0.0
66740,29189,0.012,0.0
66781,17127,0.583,0.002
66781,21139,0.518,0.009
66781,21145,40.31,0.257
66808,04005,7.182,0.0
66889,08007,6.242,0.328
66916,12099,4.055,0.0
66943,32023,52.403,0.018
66997,21115,4.489,0.106
67051,12107,18.297,0.175
67078,48001,15.19,0.072
67105,12009,250.545,50.476
67140,06037,84.784,0.238
67223,36117,2.42,0.0
67230,42103,6.992,0.059
67230,42127,1.304,0.07
67240,48179,8.253,0.0
67267,17021,3.099,0.116
67267,17173,0.278,0.165
67305,12005,98.217,4.947
67305,12131,21.252,2.365
67313,34041,2.213,0.006
67321,20121,3.13,0.011
67402,05055,16.188,0.067
67483,17045,4.914,0.011
67510,21017,5.628,0.027
67537,47079,9.231,0.02
67564,48277,17.527,0.062
67620,49043,14.625,0.0
67620,49051,0.283,0.0
67645,04012,1.669,0.009
67645,06071,2.917,0.02
67672,39167,5.19,0.211
67672,54107,34.706,1.519
67753,06019,1.788,0.0
67780,20099,6.259,0.022
67812,28059,38.606,1.255
67861,06099,4.406,0.021
67942,40049,3.141,0.021
68077,26159,5.637,0.372
68106,26021,6.766,1.543
68131,17053,2.127,0.0
68158,04007,13.899,0.007
68170,49049,9.36,0.011
68185,05007,3.879,0.001
68212,48163,5.411,0.0
68239,48221,7.697,0.018
68239,48251,0.425,0.0
68266,48389,7.72,0.0
68293,29037,4.786,0.032
68347,19125,6.961,0.002
68374,01115,13.985,0.125
68401,37155,3.628,0.0
68428,41059,10.178,0.0
68439,42011,0.593,0.003
68439,42017,0.077,0.0
68439,42091,7.959,0.005
68455,36101,1.295,3.197
68455,36123,5.52,0.058
68482,01003,16.142,3.225
68482,12033,183.936,4.54
68482,12113,62.461,0.56
68499,04013,7.246,0.018
68509,17143,77.845,1.031
68509,17179,62.543,3.467
68509,17203,5.397,0.043
68563,25017,5.216,0.081
68590,12123,5.924,0.0
68617,13153,13.843,0.081
68644,19049,2.93,0.0
68698,36121,2.911,0.0
68725,40103,2.99,0.008
68752,48357,3.979,0.0
68779,29157,5.716,0.0
68806,18103,6.473,0.088
68833,17011,4.032,0.0
68833,17099,17.42,0.042
68887,06097,20.964,0.085
69022,26029,0.101,0.0
69022,26047,15.268,0.197
69049,28099,7.353,0.0
69076,10003,190.187,13.249
69076,24015,31.32,0.393
69076,34005,164.512,7.418
69076,34007,155.311,5.165
69076,34011,0.003,0.0
69076,34015,134.159,4.174
69076,34033,16.462,0.439
69076,42011,10.518,0.028
69076,42017,260.893,6.517
69076,42029,277.822,2.99
69076,42045,162.91,1.178
69076,42091,359.736,2.515
69076,42101,134.356,7.726
69130,42027,2.027,0.0
69130,42033,3.108,0.008
69184,04013,1061.253,3.446
69184,04021,49.228,0.007
69192,04013,127.613,0.387
69211,28109,15.614,0.419
69222,45077,4.724,0.015
69292,46065,9.123,0.016
69292,46117,2.892,0.046
69373,21071,2.337,0.17
69373,21195,7.859,0.002
69454,05069,44.545,0.393
69513,48339,8.694,0.027
69517,37125,47.555,1.37
69562,04017,14.557,0.212
69616,39109,9.116,0.176
69643,20037,11.157,0.063
69697,42003,534.243,11.727
69697,42005,3.169,0.3
69697,42007,81.489,3.089
69697,42019,49.05,0.116
69697,42125,81.277,0.377
69697,42129,157.417,0.972
69778,25003,30.456,1.608
69832,06017,18.769,0.055
69967,48189,11.786,0.0
70102,29165,5.951,0.039
70129,55043,4.428,0.0
70156,36019,24.002,0.327
70183,31025,2.995,0.006
70210,29037,4.761,0.078
70237,48013,9.059,0.005
70280,06115,1.935,0.0
70291,18099,9.621,0.199
70318,33009,5.839,0.243
70372,55117,5.303,0.084
70399,05121,5.026,0.0
70426,16005,27.464,0.101
70480,12097,12.58,0.001
70480,12105,10.536,0.193
70490,12105,11.79,0.092
70507,39053,6.833,0.275
70507,54053,2.616,0.649
70512,53073,4.885,0.052
70539,72023,3.059,0.008
70548,19153,2.323,0.0
70588,30047,4.719,0.0
70615,40071,17.031,0.08
70615,40113,1.162,0.0
70642,72111,0.205,0.0
70642,72113,31.515,0.185
70669,17105,4.196,0.016
70750,24031,2.881,0.016
70804,29023,15.443,0.065
70831,42021,3.591,0.0
70858,55021,5.231,0.172
70912,35041,5.251,0.001
70939,53009,16.679,0.028
70993,48245,66.464,3.038
71060,12015,90.451,6.221
71060,12027,0.819,0.0
71060,12115,43.423,1.643
71074,06107,16.35,0.05
71128,53031,5.924,0.032
71155,26147,52.512,0.591
71182,48061,7.326,0.366
71209,36071,4.191,0.148
71209,42103,3.396,0.093
71236,18075,4.156,0.009
71263,23005,95.362,4.678
71263,23031,28.515,1.8
71290,26067,4.188,0.165
71317,41005,114.291,2.672
71317,41047,3.256,0.005
71317,41051,159.986,7.233
71317,41067,118.169,0.027
71317,53011,123.597,0.776
71344,21213,0.05,0.001
71344,47147,0.826,0.0
71344,47165,9.992,0.013
71371,48057,9.935,0.047
71371,48239,0.549,0.0
71479,12085,79.811,24.628
71479,12111,144.42,19.233
71506,23031,53.202,3.556
71506,33015,61.129,3.287
71506,33017,0.016,0.0
71533,21089,2.655,0.334
71533,39145,18.633,0.358
71560,53031,5.875,0.169
71629,72075,1.593,0.008
71641,40079,6.403,0.009
71722,36089,2.908,0.115
71776,42107,12.993,0.0
71803,36027,136.392,1.933
71803,36071,61.55,0.952
71803,36111,11.98,0.477
71830,56029,2.645,0.0
71857,19043,0.149,0.0
71857,55023,5.425,0.117
71884,55111,2.878,0.0
71911,05143,2.41,0.009
71965,20151,3.665,0.0
72112,04025,48.755,0.0
72122,04025,3.652,0.0
72154,23003,5.341,0.061
72208,21071,6.094,0.344
72208,21115,0.36,0.068
72235,49007,10.068,0.0
72262,24039,3.004,0.017
72289,17011,6.199,0.0
72316,18051,4.248,0.005
72343,21033,6.104,0.014
72370,27095,3.096,0.072
72370,27141,1.052,0.005
72397,48085,8.236,0.06
72410,15007,2.912,0.085
72424,41013,8.188,0.0
72451,53005,4.693,0.162
72505,25005,143.887,9.764
72505,25021,39.885,1.445
72505,25027,6.407,0.301
72505,44001,20.252,3.105
72505,44003,72.272,3.045
72505,44005,47.497,2.854
72505,44007,169.843,11.028
72505,44009,44.203,1.768
72532,25001,12.345,0.125
72559,49035,0.182,0.002
72559,49049,160.926,0.291
72586,40097,7.214,0.026
72613,08101,54.703,0.735
72620,08101,22.064,0.014
72640,15009,15.954,0.042
72667,47055,5.049,0.0
72694,51155,15.409,0.068
72748,53075,8.132,0.0
72775,42065,3.816,0.049
72803,15003,7.806,0.037
72829,40027,1.323,0.0
72829,40087,3.47,0.011
72856,51107,7.516,0.027
72868,09015,31.015,0.692
72937,04012,3.272,0.0
73018,12039,6.154,0.0
73045,17001,22.723,0.051
73072,53025,5.236,0.0
73153,55101,52.258,0.533
73207,51121,1.188,0.001
73207,51155,3.315,0.064
73207,51750,6.551,0.113
73251,12083,5.713,0.027
73261,37037,1.578,0.001
73261,37063,2.554,0.012
73261,37069,14.901,0.037
73261,37077,1.284,0.011
73261,37085,2.194,0.0
73261,37101,28.395,0.029
73261,37183,503.913,5.265
73288,06073,6.891,0.0
73315,06009,7.211,0.003
73353,54037,11.39,0.035
73369,17019,8.999,0.104
73396,46093,2.066,0.0
73396,46103,48.263,0.062
73423,16055,4.047,0.0
73450,35007,4.695,0.0
73477,36001,10.921,0.009
73477,36039,0.855,0.004
73531,56007,4.797,0.0
73558,33015,6.071,0.196
73612,48489,5.634,0.058
73639,22001,4.755,0.0
73693,42011,95.045,0.816
73693,42075,1.076,0.0
73720,06103,9.999,0.11
73774,06089,67.059,1.229
73882,41017,14.318,0.001
73909,19137,2.877,0.0
73963,27049,8.214,0.05
73990,27127,3.29,0.005
74044,06019,5.008,0.011
74044,06107,4.666,0.0
74071,55111,5.71,0.028
74098,41019,2.102,0.002
74152,37157,12.84,0.04
74179,06091,0.066,0.0
74179,32031,165.365,1.102
74206,18073,3.233,0.005
74233,29077,7.483,0.0
74260,16065,9.381,0.075
74341,55085,9.958,1.213
74368,55005,8.312,0.0
74395,49041,4.742,0.0
74557,55103,2.826,0.084
74584,51167,0.235,0.0
74584,51185,8.052,0.106
74638,18177,23.499,0.159
74638,39135,1.434,0.024
74665,21151,23.643,0.12
74692,26099,2.902,0.035
74692,26147,0.054,0.0
74719,29177,4.401,0.013
74746,51041,201.31,4.947
74746,51053,8.272,0.116
74746,51075,3.029,0.032
74746,51085,51.753,0.213
74746,51087,139.588,2.268
74746,51145,0.489,0.0
74746,51149,13.89,0.214
74746,51570,7.515,0.274
74746,51670,10.268,0.011
74746,51730,17.311,0.173
74746,51760,58.921,2.241
74827,06029,14.304,0.0
74837,09001,28.8,0.504
74840,53011,6.446,0.011
74908,42047,2.508,0.038
74935,08045,3.999,0.0
74962,16051,7.617,0.022
74989,13103,8.796,0.005
75072,48427,19.492,0.138
75092,04013,3.059,0.006
75097,06095,3.609,0.026
75151,47097,7.46,0.009
75198,06077,4.211,0.002
75205,55039,4.291,0.051
75232,24015,5.179,0.06
75286,55093,4.099,0.078
75286,55109,2.227,0.0
75313,36103,52.796,2.344
75340,06037,0.792,0.0
75340,06065,321.88,1.646
75340,06071,285.893,0.93
75367,56013,6.893,0.008
75421,51019,0.322,0.0
75421,51023,19.359,0.079
75421,51161,49.016,0.275
75421,51770,42.287,0.33
75421,51775,14.515,0.106
75448,37083,13.97,0.034
75448,37131,1.844,0.0
75475,42013,5.608,0.0
75502,01003,5.88,0.006
75529,17033,4.505,0.011
75556,48355,3.665,0.0
75583,17141,9.567,0.019
75610,18049,5.087,1.116
75637,27109,51.591,0.254
75664,36055,266.531,6.108
75664,36069,18.433,0.001
75664,36117,6.866,0.01
75679,41057,2.054,0.009
75691,48331,3.301,0.0
75718,17007,19.773,0.409
75718,17201,114.04,1.688
75745,45057,25.653,0.081
75745,45091,119.497,2.604
75772,37153,23.129,0.049
75799,23013,13.225,0.118
75826,13233,8.132,0.123
75853,48007,19.084,0.603
75880,56037,13.654,0.0
75988,37065,9.241,0.008
75988,37127,35.343,0.069
75988,37195,0.37,0.0
76015,51067,6.756,0.011
76069,47073,6.113,0.0
76123,29161,11.57,0.017
76204,13115,44.893,0.999
76231,36065,17.326,0.024
76258,49013,3.186,0.0
76258,49047,0.152,0.0
76285,06029,5.614,0.013
76339,41019,20.555,0.566
76447,35005,25.126,0.055
76474,17097,89.929,7.772
76474,17111,28.805,1.551
76474,55059,8.879,0.59
76501,37145,8.098,0.005
76528,08035,3.828,0.0
76555,48085,1.958,0.01
76555,48231,0.958,0.001
76555,48397,3.218,0.017
76636,35027,16.884,0.0
76690,23017,3.122,0.095
76717,06071,3.643,0.009
76744,16067,2.761,0.01
76798,18139,2.887,0.0
76852,20167,2.279,0.0
76879,39091,6.246,0.038
76906,01059,6.95,0.013
76933,05115,17.628,0.004
76933,05149,1.831,0.0
76960,21141,6.707,0.014
76987,22061,24.443,0.056
77014,50021,13.729,0.142
77068,06017,32.177,0.229
77068,06061,104.822,0.128
77068,06067,311.472,3.745
77068,06113,19.111,1.046
77095,04009,10.455,0.003
77149,26017,0.547,0.006
77149,26145,65.182,1.246
77158,04019,4.789,0.0
77176,50011,7.967,0.005
77230,12109,57.776,3.48
77311,29071,3.917,0.127
77338,27009,9.838,0.8
77338,27141,2.496,0.097
77338,27145,41.636,0.789
77365,29186,3.137,0.002
77392,27003,3.914,0.065
77446,49053,61.027,0.008
77473,26143,3.49,0.016
77500,06055,4.497,0.046
77527,41009,9.478,0.086
77554,26031,0.534,0.0
77554,26047,0.809,0.0
77554,26097,4.352,0.03
77618,37019,8.971,0.005
77625,12071,1.945,0.392
77662,26037,4.897,0.018
77689,50005,3.216,0.087
77743,20043,3.075,0.008
77743,29003,1.336,0.001
77743,29021,39.936,0.425
77770,17119,83.442,2.04
77770,17133,7.313,0.052
77770,17163,152.058,3.065
77770,29099,87.677,0.847
77770,29183,148.407,1.414
77770,29189,369.736,2.909
77770,29510,61.736,2.036
77824,22099,4.114,0.058
77851,39011,4.774,0.023
77851,39107,0.036,0.0
77878,42047,7.203,0.0
78013,27079,0.646,0.0
78013,27103,4.367,0.0
78067,36009,4.96,0.184
78094,17121,4.897,0.065
78121,18175,4.009,0.003
78148,29065,3.153,0.0
78175,34033,3.074,0.068
78202,39029,10.052,0.003
78202,39099,0.564,0.003
78229,41047,65.769,0.058
78229,41053,6.914,0.01
78256,08015,2.85,0.0
78283,20169,22.525,0.023
78310,06053,29.881,0.039
78337,72123,5.159,0.012
78364,10005,1.63,0.0
78364,24045,46.764,1.644
78418,40135,5.435,0.026
78499,49035,299.918,0.197
78499,49049,0.498,0.0
78553,48451,49.267,1.019
78580,48029,578.911,3.299
78580,48091,9.224,0.034
78580,48187,23.537,0.021
78580,48259,0.651,0.0
78580,48325,1.116,0.004
78634,13303,8.316,0.045
78661,06073,674.724,14.61
78699,06073,3.291,0.0
78715,16017,9.252,0.144
78774,39043,27.774,0.344
78774,39123,26.024,4.974
78823,41005,4.209,0.001
78850,23031,5.977,0.135
78877,37105,34.319,0.856
78904,06001,209.484,3.574
78904,06013,51.129,0.198
78904,06041,85.097,5.591
78904,06075,46.704,0.795
78904,06081,121.382,1.916
78931,06019,4.814,0.0
78958,48121,4.391,0.022
78985,72023,35.613,0.571
78985,72079,9.669,0.002
78985,72121,10.462,0.001
78985,72125,14.845,0.003
79039,06001,1.994,0.0
79039,06081,11.356,0.003
79039,06085,272.129,0.488
79093,72007,20.308,0.009
79093,72009,0.082,0.0
79093,72019,27.609,0.001
79093,72021,44.375,0.186
79093,72025,51.95,0.462
79093,72029,19.771,0.023
79093,72031,37.78,1.703
79093,72033,4.777,0.216
79093,72035,18.56,0.022
79093,72041,31.816,0.185
79093,72043,0.986,0.0
79093,72045,14.037,0.062
79093,72047,34.006,0.006
79093,72051,16.67,0.064
79093,72061,27.585,0.181
79093,72063,20.407,0.422
79093,72069,33.369,0.246
79093,72077,21.531,0.101
79093,72085,27.932,0.011
79093,72087,1.617,0.003
79093,72089,0.443,0.001
79093,72091,13.482,0.014
79093,72095,3.825,0.002
79093,72101,16.626,0.001
79093,72103,4.937,0.002
79093,72105,27.401,0.254
79093,72107,15.508,0.0
79093,72119,23.52,0.039
79093,72127,47.853,3.856
79093,72129,30.441,0.094
79093,72135,24.5,0.104
79093,72137,12.357,0.215
79093,72139,20.747,0.624
79093,72143,20.485,0.006
79093,72145,23.069,0.066
79093,72151,23.24,0.003
79120,04027,3.694,0.021
79147,06079,14.107,0.021
79201,48055,2.434,0.009
79201,48091,0.043,0.0
79201,48187,1.645,0.0
79201,48209,20.318,0.035
79282,06083,54.59,1.04
79282,06111,0.221,0.0
79309,06037,77.846,0.557
79336,06087,60.45,0.197
79363,35049,46.801,0.079
79390,72133,2.997,0.004
79417,06083,27.061,0.076
79444,06111,4.964,0.004
79498,06097,79.392,0.182
79579,36031,1.133,0.133
79579,36033,1.965,0.125
79633,36091,55.58,0.212
79687,27145,4.364,0.259
79687,27153,0.347,0.0
79714,26033,8.181,0.078
79768,13029,13.208,0.141
79768,13051,189.041,3.322
79768,13103,3.598,0.0
79795,29003,3.272,0.009
79822,47071,8.889,0.0
79903,36107,2.63,0.026
79903,42015,5.363,0.014
79917,41009,5.373,0.0
79917,41051,0.418,0.002
79957,31037,2.564,0.059
79973,42107,10.264,0.009
80038,29031,0.115,0.0
80038,29201,4.627,0.001
80065,31157,14.683,0.158
80092,01071,12.344,0.0
80119,18143,4.844,0.024
80173,21003,4.773,0.006
80227,42069,75.74,0.222
80227,42079,85.595,3.109
80227,42131,0.826,0.0
80241,45019,8.371,0.292
80259,10005,23.584,0.573
80281,48015,5.683,0.062
80308,05145,21.34,0.042
80335,41007,4.998,0.067
80362,06053,41.181,0.213
80389,53033,491.496,49.581
80389,53035,4.87,0.062
80389,53053,346.792,7.128
80389,53061,139.359,1.36
80405,06097,15.194,0.0
80416,12055,44.508,4.0
80443,29159,17.042,0.073
80470,04005,5.311,0.023
80470,04025,7.159,0.0
80497,48187,19.998,0.758
80524,01047,18.288,0.128
80551,06019,9.129,0.0
80605,40133,5.373,0.0
80632,48165,3.377,0.0
80659,28137,3.922,0.046
80671,45073,31.043,0.104
80686,53009,31.874,0.001
80704,08123,1.909,0.064
80713,47089,0.227,0.0
80713,47155,46.181,0.0
80767,31159,3.454,0.01
80794,18071,14.371,0.029
80805,47009,2.746,0.0
80805,47093,0.301,0.0
80805,47155,10.823,0.009
80929,06029,4.798,0.0
80985,42097,7.854,0.043
81020,39155,5.244,0.0
81020,42085,22.917,0.019
81064,55115,10.713,0.406
81091,40125,18.898,0.022
81118,55117,35.309,0.422
81199,37045,25.474,0.022
81226,39139,5.009,0.062
81253,17173,3.103,0.0
81280,18145,9.664,0.102
81307,21211,11.486,0.145
81334,47003,13.165,0.0
81361,19141,2.3,0.0
81361,19167,0.52,0.0
81388,16011,2.171,0.0
81415,53045,11.685,0.155
81442,19071,0.259,0.0
81442,19145,2.73,0.0
81472,42107,2.93,0.065
81523,05053,4.505,0.0
81577,41071,1.735,0.0
81604,56033,12.988,0.019
81631,48181,38.494,0.12
81642,54033,3.657,0.0
81642,54049,0.3,0.06
81658,42041,6.328,0.025
81658,42055,3.526,0.008
81685,35045,5.224,0.053
81712,04017,12.601,0.0
81739,22015,52.781,1.1
81739,22017,128.062,1.472
81793,30083,7.035,0.0
81820,31033,4.438,0.0
81847,36017,0.209,0.0
81847,36025,2.262,0.003
81847,36077,0.345,0.0
81874,39149,10.46,0.106
81901,04003,28.283,0.014
81928,29143,1.739,0.0
81928,29201,11.409,0.014
81955,37037,5.165,0.015
81982,05007,9.144,0.073
81982,40041,0.369,0.0
82009,48199,10.761,0.071
82009,48241,1.334,0.0
82036,35017,10.753,0.022
82063,36013,2.462,0.003
82076,06071,2.118,0.398
82090,08117,11.125,0.1
82117,41047,3.668,0.017
82144,06111,31.627,0.702
82171,48409,2.319,0.0
82198,19167,5.571,0.0
82225,19193,41.253,0.538
82225,31043,8.174,0.304
82225,46127,5.608,0.115
82252,46083,11.413,0.0
82252,46099,56.487,0.419
82306,02220,6.594,1.42
82360,40113,3.397,0.034
82360,40143,0.754,0.0
82387,23025,2.928,0.006
82401,42077,2.17,0.016
82401,42095,1.705,0.002
82414,48303,2.751,0.012
82468,22103,52.532,3.219
82495,42019,4.527,0.005
82522,37101,17.01,0.04
82549,51093,7.119,0.085
82603,47041,3.997,0.0
82641,29047,6.843,0.076
82675,53033,6.793,0.076
82684,04017,3.796,0.0
82701,08097,2.238,0.0
82711,48415,7.197,0.023
82738,35053,5.419,0.0
82819,02122,5.065,0.003
82846,06053,2.419,0.002
82873,06083,5.481,0.007
82900,21199,38.894,0.499
82927,42111,6.91,0.0
82981,04027,2.026,0.003
83008,06097,14.085,0.0
83073,06109,29.091,0.209
83080,48491,3.101,0.01
83116,18039,3.883,0.02
83116,18141,123.019,1.865
83116,26021,14.401,0.198
83116,26027,6.623,0.999
83129,23031,2.942,0.105
83129,33017,1.26,0.066
83143,51083,6.177,0.033
83160,25027,11.53,0.366
83251,26005,2.731,0.005
83251,26159,6.652,0.104
83278,51117,6.223,0.027
83305,06017,16.126,0.382
83305,32005,3.303,0.011
83332,26093,101.542,9.208
83332,26125,13.063,0.042
83332,26161,4.901,0.753
83368,23017,4.062,0.085
83377,01071,3.148,0.0
83377,47115,2.376,0.0
83480,26081,4.294,0.01
83494,47185,7.147,0.0
83521,55081,5.204,0.0
83548,45083,180.997,1.501
83575,46081,7.874,0.0
83629,19041,6.124,0.052
83641,25027,5.179,0.539
83683,27067,4.287,1.843
83710,19059,14.854,1.66
83764,53063,171.673,2.201
83818,37085,12.666,0.491
83899,17167,81.739,0.242
83926,09003,0.934,0.013
83926,25013,187.326,5.911
83926,25015,13.506,0.642
83953,29043,25.584,0.048
83953,29077,108.751,0.058
83980,39021,0.358,0.0
83980,39023,44.72,0.066
83993,47147,8.961,0.0
84007,50027,4.35,0.107
84024,12053,91.237,3.658
84024,12101,36.01,1.023
84034,20091,2.157,0.004
84034,20121,0.912,0.005
84061,22119,7.383,0.039
84088,47119,12.287,0.017
84088,47187,11.027,0.0
84169,09013,5.174,0.279
84304,49045,3.14,0.189
84385,53061,2.75,0.0
84429,16001,3.877,0.025
84439,12007,5.873,0.0
84466,28105,19.348,0.113
84493,42027,25.919,0.002
84547,13031,28.297,0.695
84574,37097,37.533,0.13
84601,17117,3.067,0.033
84630,51015,13.115,0.032
84630,51790,13.996,0.022
84630,51820,12.035,0.122
84655,41047,3.833,0.0
84682,08107,10.11,0.013
84763,48143,9.375,0.004
84790,08075,5.417,0.0
84817,17195,14.612,0.622
84859,39081,24.003,0.217
84859,42125,0.723,0.0
84859,54009,10.755,0.983
84859,54029,10.862,0.037
84871,55097,25.126,1.061
84905,24035,17.558,1.605
84952,27109,2.714,0.0
85006,27163,15.696,0.629
85006,55109,0.504,0.0
85033,40119,25.063,0.471
85087,06077,92.462,2.056
85114,19021,3.883,0.0
85141,09013,7.87,0.027
85181,55025,6.744,0.079
85195,51171,4.09,0.039
85222,17099,6.941,0.004
85222,17105,1.182,0.001
85276,55029,6.92,1.864
85303,26149,6.244,0.0
85330,46093,4.034,0.0
85357,05001,5.87,0.0
85384,51800,23.819,0.673
85390,12017,15.289,0.0
85390,12053,0.428,0.013
85411,17139,2.771,0.008
85438,18153,2.712,0.0
85465,29055,1.321,0.0
85465,29071,4.821,0.0
85519,40099,3.257,0.048
85546,48223,10.831,0.184
85573,53061,3.088,0.006
85615,46093,3.403,0.001
85654,13055,8.402,0.007
85681,49043,3.613,0.0
85708,45085,57.654,0.471
85735,39041,3.34,0.001
85762,42097,6.103,0.014
85762,42109,7.624,0.062
85779,25011,6.889,0.004
85789,53077,5.558,0.0
85870,06035,3.179,0.008
85978,41019,5.183,0.051
86005,13107,8.011,0.241
86024,37031,4.105,0.037
86024,37133,21.367,0.466
86071,42075,4.974,0.003
86113,41043,5.232,0.148
86140,47107,0.369,0.0
86140,47123,6.714,0.0
86167,48353,7.548,0.001
86194,01121,19.253,0.112
86202,37099,7.214,0.0
86210,36053,2.276,0.014
86210,36065,1.578,0.026
86248,13321,5.855,0.027
86275,18039,0.091,0.0
86275,18085,6.614,5.926
86302,36053,0.676,0.0
86302,36067,174.383,5.6
86302,36075,5.475,0.134
86329,06029,3.58,0.0
86383,40021,11.818,0.096
86437,01121,10.1,0.004
86464,12073,125.459,4.099
86518,22065,3.747,0.0
86545,19171,2.868,0.0
86572,42025,0.933,0.0
86572,42107,1.591,0.0
86599,12057,502.679,30.586
86599,12101,212.491,6.467
86599,12103,253.769,43.412
86626,24013,2.267,0.009
86653,35055,18.856,0.0
86707,37065,8.452,0.017
86734,48491,7.024,0.065
86788,17021,5.46,0.093
86815,51185,5.181,0.024
86830,46083,3.261,0.0
86851,26091,10.127,0.145
86869,06029,8.063,0.02
86950,18123,4.206,0.0
86950,21091,0.86,0.001
86977,47105,6.888,0.112
86984,08113,6.873,0.0
87004,06065,150.474,0.902
87058,48027,58.385,0.209
87139,18167,46.835,0.39
87166,48257,12.303,0.004
87193,05091,21.633,0.135
87193,48037,45.006,0.247
87263,41065,7.668,0.002
87269,08035,9.217,0.0
87285,12069,13.532,0.463
87285,12083,41.339,0.85
87285,12119,43.65,2.549
87300,48201,24.089,0.222
87300,48339,195.052,1.28
87355,27113,5.255,0.154
87382,13293,10.364,0.036
87436,13275,22.288,0.29
87463,13189,8.285,0.119
87490,06037,10.686,0.137
87490,06111,69.511,0.892
87517,26149,8.675,0.675
87544,24021,3.795,0.006
87598,39147,9.204,0.138
87625,13277,18.362,0.311
87652,41057,2.651,0.0
87659,39013,0.358,0.0
87659,39081,2.872,0.02
87662,18085,4.135,2.362
87679,18159,2.422,0.0
87787,12009,39.955,0.118
87814,42039,2.212,0.0
87841,13257,12.594,0.032
87868,26115,20.385,0.24
87868,39095,167.268,5.986
87868,39173,53.062,1.61
87922,55081,6.964,0.021
88003,20103,2.702,0.01
88057,49045,11.545,0.0
88084,20087,0.407,0.004
88084,20177,83.833,1.357
88111,53077,3.083,0.0
88192,09005,21.759,0.649
88219,56015,3.607,0.0
88246,42015,2.935,0.021
88280,06077,27.055,0.136
88300,26055,48.833,2.68
88300,26089,3.583,0.399
88327,42033,3.32,0.761
88354,49003,6.749,0.0
88435,29079,4.315,0.261
88462,34005,12.091,0.178
88462,34021,111.578,2.277
88462,34023,7.529,0.045
88462,34025,1.933,0.035
88504,41019,5.014,0.0
88516,08071,4.753,0.0
88543,01109,9.812,0.006
88570,29113,9.0,0.047
88612,39109,21.582,0.243
88624,06057,18.27,1.305
88624,06061,1.086,0.0
88651,05111,4.276,0.0
88678,35051,8.24,0.004
88705,04005,5.56,0.0
88732,04019,350.758,0.554
88732,04021,6.591,0.0
88813,35037,3.829,0.0
88840,06107,17.714,0.0
88921,47031,13.544,0.0
88921,47051,1.231,0.0
88921,47127,0.011,0.0
88948,40037,23.302,0.13
88948,40113,2.52,0.014
88948,40131,19.593,0.039
88948,40143,265.03,5.297
88948,40145,27.878,0.006
89029,28081,43.292,0.142
89056,36033,2.306,0.011
89083,06099,16.894,0.027
89110,01125,88.159,1.509
89137,17041,3.021,0.009
89164,01087,8.197,0.162
89191,06071,6.818,0.0
89218,06071,2.773,0.0
89245,16083,22.066,0.109
89261,17111,1.214,0.0
89261,55059,6.152,1.17
89261,55127,2.088,0.2
89299,13051,2.804,0.084
89326,48423,81.532,0.849
89353,42013,6.056,0.004
89380,06045,13.199,0.059
89407,20067,2.784,0.002
89461,29071,7.506,0.0
89488,45087,9.16,0.003
89515,18135,1.878,0.002
89515,39037,0.706,0.0
89569,47131,8.161,0.0
89596,55101,3.671,0.003
89640,42051,26.962,0.009
89731,39175,4.79,0.0
89742,24021,3.492,0.013
89758,39021,6.468,0.0
89785,36043,1.578,0.005
89785,36065,50.466,0.186
89812,72001,0.042,0.0
89812,72141,11.242,0.063
89839,48463,7.35,0.009
89866,06095,21.59,0.034
89910,04019,5.762,0.0
89920,08037,5.057,0.066
89974,13185,41.289,0.588
90028,06055,6.023,0.007
90028,06095,33.617,0.619
90055,38003,3.721,0.0
90082,01017,15.716,0.0
90082,13145,0.642,0.092
90082,13285,1.74,0.048
90095,18127,33.636,0.89
90136,17051,6.472,0.002
90217,39161,6.155,0.029
90271,41039,4.651,0.0
90325,46027,3.987,0.0
90352,49047,15.657,0.0
90379,48487,5.793,0.009
90406,12009,4.739,0.266
90406,12061,91.79,11.322
90406,12111,9.573,0.304
90433,21239,7.905,0.039
90487,22065,0.108,0.0
90487,28149,24.168,0.248
90514,48469,33.6,0.0
90541,06071,131.774,0.32
90568,13209,0.111,0.0
90568,13279,15.254,0.305
90622,72147,5.546,0.0
90631,29029,16.952,1.417
90631,29131,2.154,0.027
90640,04025,5.257,0.0
90649,13045,14.885,0.087
90649,13097,4.34,0.099
90676,22039,4.908,0.001
90703,18083,11.827,0.212
90730,34001,3.118,0.005
90730,34011,51.22,0.3
90730,34015,2.653,0.003
90757,25007,16.551,1.386
90784,40035,4.726,0.018
90811,19011,2.784,0.0
90865,27137,6.677,0.14
90892,51073,7.962,0.44
90892,51093,4.308,0.036
90892,51095,1.734,0.015
90892,51199,32.283,3.232
90892,51550,93.735,5.763
90892,51650,47.974,19.613
90892,51700,54.494,5.824
90892,51710,53.275,12.96
90892,51735,7.282,1.071
90892,51740,33.301,13.382
90892,51800,11.663,2.002
90892,51810,133.663,11.947
90919,55123,1.997,0.0
90946,06107,37.704,0.015
91000,18169,5.954,0.057
91027,48309,89.879,0.547
91054,27019,4.577,0.169
91081,27111,0.133,0.003
91081,27159,2.485,0.0
91108,37007,5.971,0.005
91135,40145,5.412,0.0
91162,31155,2.231,0.001
91189,27167,2.544,0.0
91189,38077,4.596,0.0
91216,15001,5.933,0.0
91252,36071,11.562,0.092
91261,24017,46.836,0.195
91261,24033,12.515,0.035
91270,41041,5.535,0.038
91312,55133,6.008,0.015
91324,45073,5.701,0.062
91405,41059,0.224,0.0
91405,53071,23.639,0.033
91459,05075,5.168,0.0
91513,45029,8.138,0.049
91648,20149,2.345,0.002
91675,39011,5.572,0.026
91702,53077,2.615,0.0
91756,25015,3.188,0.0
91783,13153,80.096,0.632
91783,13225,8.219,0.017
91810,05011,6.365,0.025
91837,42123,7.797,0.434
91864,29101,8.476,0.018
91918,29219,6.033,0.082
91945,51061,17.185,0.172
91999,18085,23.689,2.039
92134,36071,2.918,0.004
92161,06029,3.448,0.0
92215,27161,3.802,0.198
92242,11001,61.126,7.224
92242,24003,1.288,0.0
92242,24031,261.287,2.788
92242,24033,280.638,6.284
92242,51013,25.997,0.106
92242,51059,311.291,4.665
92242,51107,122.325,1.428
92242,51153,155.114,2.636
92242,51179,39.63,0.47
92242,51510,14.935,0.413
92242,51600,6.24,0.032
92242,51610,2.046,0.0
92242,51683,9.555,0.03
92242,51685,3.034,0.001
92296,18027,6.785,0.044
92323,19183,3.302,0.0
92350,29071,7.875,0.031
92377,34041,4.129,0.006
92404,37013,16.693,0.058
92431,39047,7.346,0.06
92459,02170,57.631,2.412
92485,09005,12.721,0.253
92485,09009,79.717,1.26
92539,06099,1.966,0.003
92566,17133,5.411,0.033
92593,19013,63.709,2.221
92674,36045,31.988,0.536
92701,46029,12.374,0.013
92728,55027,3.806,0.162
92728,55055,6.647,0.23
92782,23011,15.292,1.144
92782,23025,1.609,0.121
92797,38053,8.312,0.08
92863,17075,2.866,0.0
92890,06053,0.861,0.0
92890,06087,13.838,0.331
92917,12049,6.243,0.0
92971,55135,8.851,1.457
92998,55027,2.447,0.0
92998,55039,1.945,0.065
93025,55073,48.738,3.349
93052,39051,5.069,0.03
93079,19017,5.584,0.222
93133,39131,4.034,0.564
93187,13025,0.203,0.003
93187,13229,0.139,0.0
93187,13299,24.605,0.172
93214,26005,3.386,0.045
93241,31179,3.088,0.044
93268,13033,5.947,0.057
93322,24021,0.087,0.0
93322,24043,1.423,0.034
93322,42055,9.471,0.007
93376,42059,4.043,0.0
93421,37087,27.228,0.322
93421,37099,0.374,0.0
93457,40039,6.295,0.002
93484,48367,38.688,0.068
93511,19079,4.381,0.002
93619,16087,2.297,0.005
93619,41045,0.151,0.0
93673,08069,3.248,0.003
93700,20191,4.393,0.068
93727,39093,2.817,0.25
93781,39079,3.441,0.017
93781,39163,0.549,0.001
93808,36003,3.579,0.0
93862,53007,17.798,0.465
93862,53017,14.805,0.532
93876,37183,4.179,0.0
93916,55131,17.077,0.451
93970,48039,3.716,0.496
93997,09011,6.366,0.025
93997,44009,19.318,0.467
94051,17055,4.695,0.008
94132,39049,1.625,0.016
94132,39097,3.441,0.004
94273,34031,10.387,1.686
94273,36071,3.834,1.697
94282,39109,1.956,0.0
94285,24013,26.394,0.065
94321,54041,2.048,0.069
94375,29091,10.254,0.001
94402,28025,6.544,0.04
94442,36071,3.907,0.069
94510,55063,3.167,0.0
94564,18091,2.104,0.0
94591,32007,1.767,0.0
94591,49045,5.625,0.0
94618,01051,4.445,0.03
94672,48481,4.658,0.003
94726,39013,13.522,0.112
94726,54051,2.849,0.637
94726,54069,20.439,1.021
94753,30029,6.162,0.184
94807,26121,8.574,0.186
94861,47147,6.18,0.0
94861,47165,6.691,0.0
94863,48423,5.212,0.058
94870,29101,7.302,0.009
94915,35028,2.07,0.0
94996,37047,4.942,0.0
95050,55055,0.864,0.0
95050,55127,3.725,0.19
95077,20015,7.751,0.037
95077,20173,218.435,5.043
95077,20191,0.654,0.0
95104,48009,0.629,0.0
95104,48485,50.155,0.0
95158,04013,4.708,0.001
95266,12119,12.781,0.164
95301,37193,33.329,0.0
95310,29077,8.665,0.001
95320,39077,3.563,0.042
95374,06011,2.038,0.0
95401,21235,5.22,0.106
95411,51095,50.985,0.536
95411,51199,10.046,0.326
95411,51830,8.835,0.161
95455,42081,27.725,1.232
95482,26065,3.151,0.1
95509,37117,4.754,0.0
95536,45007,10.205,0.034
95590,09011,0.042,0.0
95590,09013,2.512,0.07
95590,09015,10.295,0.311
95644,38105,21.857,0.038
95671,06045,4.368,0.0
95698,27067,13.169,3.424
95725,06021,2.684,0.03
95806,17197,3.95,0.509
95833,37019,27.203,0.278
95833,37129,113.341,4.179
95833,37141,1.704,0.031
95860,39027,9.483,0.034
95887,21113,1.754,0.007
95914,37195,27.699,0.121
95995,25027,2.272,0.166
96022,18135,2.878,0.01
96049,21049,14.421,0.055
96076,47051,12.866,0.267
96103,51069,33.028,0.244
96103,51840,9.193,0.021
96130,13013,47.413,0.379
96130,13135,3.277,0.013
96130,13297,1.06,0.007
96184,55101,3.007,1.687
96184,55133,0.483,0.005
96319,20035,6.992,0.008
96373,32013,7.225,0.0
96427,22127,4.454,0.0
96481,22041,3.227,0.0
96508,45039,3.868,0.0
96562,27169,13.285,0.465
96616,04017,3.637,0.0
96643,09005,6.123,0.701
96670,37057,63.805,0.001
96670,37059,6.112,0.116
96670,37067,231.385,1.92
96670,37081,1.014,0.0
96670,37169,8.476,0.077
96697,12105,142.719,28.612
96724,06113,1.638,0.025
96778,19121,2.265,0.0
96832,55097,0.534,0.0
96832,55141,21.287,0.223
96843,51195,7.209,0.03
96843,51720,3.737,0.007
96913,41047,7.556,0.014
96967,06107,1.888,0.0
96994,06113,12.766,0.0
97021,53011,0.519,0.057
97021,53015,3.869,0.073
97048,08041,1.613,0.002
97048,08119,7.669,0.001
97061,13057,5.155,0.034
97129,17111,9.305,0.0
97156,51171,3.882,0.006
97237,40153,9.083,0.017
97264,39169,21.692,0.066
97291,09015,1.509,0.102
97291,25017,16.598,0.11
97291,25027,242.185,11.675
97318,56043,2.973,0.024
97331,12109,13.874,0.267
97345,27105,5.48,1.196
97349,26147,0.837,0.0
97349,26151,3.338,0.037
97372,06037,0.033,0.0
97372,06071,1.351,0.003
97426,05037,5.451,0.011
97453,51197,5.981,0.012
97470,39057,11.395,0.01
97507,53077,55.771,0.317
97534,46135,8.513,0.0
97561,72055,2.991,0.002
97561,72059,9.686,0.003
97561,72111,6.99,0.011
97561,72121,1.622,0.001
97561,72153,13.617,0.008
97588,28163,9.247,0.11
97642,53053,1.184,0.0
97642,53067,6.528,0.028
97696,48123,1.483,0.0
97696,48285,1.668,0.0
97723,31185,4.727,0.013
97750,42133,113.078,0.167
97777,45091,6.51,0.077
97831,39099,102.746,1.189
97831,39155,93.218,0.416
97912,06093,5.305,0.03
97939,06101,17.095,0.0
97939,06115,12.904,0.082
97966,06071,11.334,0.0
98020,04027,51.794,0.094
98020,06025,1.163,0.019
98061,22033,11.369,0.0
98074,39119,28.303,0.288
98101,48505,4.96,0.0
98129,37183,6.112,0.013
98182,12101,34.104,0.149
98209,27141,3.256,0.767
