GEOID,Name,Short Name,CSA,Population,Housing Units,Land Area,Water Area,Latitude,Longitude
10100,"Aberdeen, SD","Aberdeen, SD",,42476,19820,2839.011,43.006,45.519435,-98.7007
10140,"Aberdeen, WA","Aberdeen, WA",,74737,35928,1901.474,322.129,47.113732,-123.826735
10180,"Abilene, TX","Abilene, TX",,175241,73899,2743.514,14.192,32.452022,-99.718743
10220,"Ada, OK","Ada, OK",,38102,17362,720.411,4.855,34.721415,-96.69178
10300,"Adrian, MI","Adrian, MI",220,99346,43604,749.627,11.775,41.896022,-84.074356
10380,"Aguadilla-Isabela, PR","Aguadilla, PR",,311049,147004,472.021,138.575,18.356965,-67.007895
10420,"Akron, OH","Akron, OH",184,702464,316748,900.198,23.99,41.146639,-81.35011
10460,"Alamogordo, NM","Alamogordo, NM",,67298,32109,6612.562,14.264,32.615599,-105.751308
10500,"Albany, GA","Albany, GA",,149298,66526,1591.03,17.794,31.644686,-84.110718
10540,"Albany-Lebanon, OR","Albany, OR",440,127200,51515,2289.277,19.325,44.488898,-122.537208
10580,"Albany-Schenectady-Troy, NY","Albany, NY",104,898265,415620,2811.804,66.421,42.78792,-73.942348
10620,"Albemarle, NC","Albemarle, NC",172,62148,27600,395.079,9.725,35.310449,-80.254374
10660,"Albert Lea, MN","Albert Lea, MN",,30882,14139,707.245,15.176,43.674202,-93.350289
10700,"Albertville, AL","Albertville, AL",,97179,41129,565.845,57.335,34.309564,-86.321668
10740,"Albuquerque, NM","Albuquerque, NM",106,913388,393319,9283.396,12.283,35.123496,-106.458392
10760,"Alexander City, AL","Alexander City, AL",388,51726,28667,1367.437,65.167,32.900486,-86.002932
10780,"Alexandria, LA","Alexandria, LA",,152695,66885,1964.019,62.314,31.325348,-92.546803
10820,"Alexandria, MN","Alexandria, MN",,38742,21640,636.937,83.215,45.936835,-95.462155
10860,"Alice, TX","Alice, TX",204,49204,20714,2658.653,5.483,27.697743,-98.390881
10900,"Allentown-Bethlehem-Easton, PA-NJ","Allentown, PA",,857997,356639,1452.983,22.467,40.789339,-75.398158
10940,"Alma, MI","Alma, MI",394,41758,16057,568.381,3.231,43.292326,-84.60469
10980,"Alpena, MI","Alpena, MI",,28913,15682,571.897,1123.03,44.894954,-83.426574
11020,"Altoona, PA","Altoona, PA",107,123132,55798,525.276,1.272,40.498683,-78.309597
11060,"Altus, OK","Altus, OK",,24960,12050,802.653,1.589,34.594006,-99.412235
11100,"Amarillo, TX","Amarillo, TX",108,268306,113037,5150.981,32.797,35.247999,-101.90867
11140,"Americus, GA","Americus, GA",,34312,15501,649.786,10.649,32.098355,-84.224304
11180,"Ames, IA","Ames, IA",218,124827,52780,1143.03,4.25,42.036128,-93.698008
11220,"Amsterdam, NY","Amsterdam, NY",104,49539,22905,403.111,7.187,42.900891,-74.435357
11260,"Anchorage, AK","Anchorage, AK",,399352,167865,26413.87,798.33,62.212784,-149.678222
11380,"Andrews, TX","Andrews, TX",,18184,6870,1500.721,0.37,32.312258,-102.640206
11420,"Angola, IN","Angola, IN",258,34379,18924,308.78,13.686,41.643467,-85.002405
11460,"Ann Arbor, MI","Ann Arbor, MI",220,372428,155927,706.003,16.418,42.252217,-83.843423
11500,"Anniston-Oxford, AL","Anniston, AL",,116425,53112,605.889,6.385,33.770516,-85.827909
11540,"Appleton, WI","Appleton, WI",118,241748,100094,955.807,85.878,44.290603,-88.372326
11580,"Arcadia, FL","Arcadia, FL",412,34027,15453,636.695,2.411,27.190581,-81.806253
11620,"Ardmore, OK","Ardmore, OK",,58207,26234,1336.119,29.917,34.125836,-97.263905
11640,"Arecibo, PR","Arecibo, PR",490,183384,82497,236.753,89.517,18.439224,-66.759981
11660,"Arkadelphia, AR","Arkadelphia, AR",,21569,10031,865.971,16.975,34.053316,-93.176208
11700,"Asheville, NC","Asheville, NC",120,465558,230081,2032.622,8.399,35.595669,-82.681615
11740,"Ashland, OH","Ashland, OH",360,52658,22436,422.987,3.848,40.843273,-82.270127
11780,"Ashtabula, OH","Ashtabula, OH",184,97869,46206,702.067,665.838,41.906637,-80.745592
11820,"Astoria, OR","Astoria, OR",,40720,22882,828.13,255.466,46.024509,-123.705037
11860,"Atchison, KS","Atchison, KS",312,16382,6837,431.174,2.645,39.532544,-95.313397
11900,"Athens, OH","Athens, OH",,62933,26414,503.644,4.773,39.332755,-82.045885
11940,"Athens, TN","Athens, TN",174,53065,23870,430.117,2.062,35.424472,-84.619949
11980,"Athens, TX","Athens, TX",206,81717,40629,873.781,74.654,32.211633,-95.853418
12020,"Athens-Clarke County, GA","Athens, GA",122,213886,88362,1024.95,10.081,33.943984,-83.213897
12060,"Atlanta-Sandy Springs-Alpharetta, GA","Atlanta, GA",122,6026734,2386457,8685.706,149.337,33.693728,-84.399911
12100,"Atlantic City-Hammonton, NJ","Atlantic City, NJ",428,273865,131505,555.514,116.321,39.469355,-74.633759
12120,"Atmore, AL","Atmore, AL",426,36879,16672,945.408,7.732,31.122287,-87.16841
12140,"Auburn, IN","Auburn, IN",258,43059,18033,362.833,1.026,41.39676,-85.002697
12180,"Auburn, NY","Auburn, NY",532,76644,36652,691.587,172.084,43.008546,-76.574587
12220,"Auburn-Opelika, AL","Auburn, AL",194,172223,73557,607.542,8.308,32.604064,-85.353048
12260,"Augusta-Richmond County, GA-SC","Augusta, GA",,607673,261944,3480.718,101.318,33.460371,-81.982833
12300,"Augusta-Waterville, ME","Augusta, ME",,123293,62538,867.477,83.698,44.417012,-69.765764
12380,"Austin, MN","Austin, MN",462,39985,16893,711.273,0.238,43.666249,-92.759514
12420,"Austin-Round Rock-Georgetown, TX","Austin, TX",,2234300,920939,4219.523,58.207,30.249744,-97.649842
12460,"Bainbridge, GA","Bainbridge, GA",,29020,12915,597.239,25.929,30.880643,-84.58389
12540,"Bakersfield, CA","Bakersfield, CA",,905644,299810,8134.645,30.272,35.346629,-118.729506
12580,"Baltimore-Columbia-Towson, MD","Baltimore, MD",548,2837237,1184833,2601.511,503.518,39.304361,-76.549501
12620,"Bangor, ME","Bangor, ME",,152211,74904,3397.197,159.84,45.409284,-68.666616
12660,"Baraboo, WI","Baraboo, WI",357,65428,30680,831.543,17.642,43.428001,-89.943318
12680,"Bardstown, KY","Bardstown, KY",350,46440,19544,417.523,6.553,37.80312,-85.465931
12700,"Barnstable Town, MA","Barnstable Town, MA",148,227942,164523,394.213,911.328,41.706123,-70.164823
12740,"Barre, VT","Barre, VT",162,59609,30612,687.06,8.308,44.274969,-72.609444
12780,"Bartlesville, OK","Bartlesville, OK",538,52382,23705,415.524,8.831,36.704403,-95.906253
12860,"Batavia, NY","Batavia, NY",464,58387,25954,492.939,2.37,43.00091,-78.192778
12900,"Batesville, AR","Batesville, AR",,55039,26178,1368.336,9.831,35.927671,-91.515359
12940,"Baton Rouge, LA","Baton Rouge, LA",,867628,372653,4370.696,202.08,30.515242,-91.126926
12980,"Battle Creek, MI","Battle Creek, MI",310,134207,59672,706.262,12.068,42.24299,-85.012385
13020,"Bay City, MI","Bay City, MI",474,104050,48552,442.409,188.307,43.699711,-83.978701
13060,"Bay City, TX","Bay City, TX",288,36323,18549,1092.918,519.594,28.77476,-96.001532
13100,"Beatrice, NE","Beatrice, NE",339,21706,10321,851.461,8.499,40.255234,-96.683453
13140,"Beaumont-Port Arthur, TX","Beaumont, TX",,397924,169426,2101.135,288.598,30.075928,-94.202705
13180,"Beaver Dam, WI","Beaver Dam, WI",376,89274,38029,875.699,31.402,43.429628,-88.701939
13220,"Beckley, WV","Beckley, WV",,115985,54185,1266.972,10.723,37.905325,-81.164436
13260,"Bedford, IN","Bedford, IN",144,45133,20560,449.146,2.783,38.839815,-86.48782
13300,"Beeville, TX","Beeville, TX",,31191,10580,880.239,0.095,28.416077,-97.742586
13340,"Bellefontaine, OH","Bellefontaine, OH",198,45997,23634,458.506,8.337,40.387553,-83.766343
13380,"Bellingham, WA","Bellingham, WA",,224533,98941,2107.918,396.956,48.842653,-121.836432
13420,"Bemidji, MN","Bemidji, MN",,46033,21277,2504.704,550.693,47.879508,-95.00505
13460,"Bend, OR","Bend, OR",140,194964,92718,3017.618,36.567,43.915118,-121.225575
13500,"Bennettsville, SC","Bennettsville, SC",,26912,12037,479.874,5.594,34.60167,-79.679435
13540,"Bennington, VT","Bennington, VT",,37235,20845,674.236,2.663,43.035328,-73.111496
13620,"Berlin, NH","Berlin, NH",,31360,20562,1794.574,35.732,44.652548,-71.289431
13660,"Big Rapids, MI","Big Rapids, MI",266,40051,20888,555.155,16.087,43.635295,-85.332751
13700,"Big Spring, TX","Big Spring, TX",,34620,13887,900.791,3.414,32.30343,-101.438721
13720,"Big Stone Gap, VA","Big Stone Gap, VA",,40227,18621,410.917,2.064,36.974561,-82.62156
13740,"Billings, MT","Billings, MT",,182997,82355,6477.995,38.182,45.63714,-108.832361
13780,"Binghamton, NY","Binghamton, NY",,247158,114154,1224.405,13.959,42.163928,-76.022943
13820,"Birmingham-Hoover, AL","Birmingham, AL",142,1109895,486685,4488.738,75.841,33.402599,-86.729515
13900,"Bismarck, ND","Bismarck, ND",,132661,58518,4280.986,63.745,46.887031,-100.979592
13940,"Blackfoot, ID","Blackfoot, ID",292,47540,16845,2093.732,26.499,43.216357,-112.399206
13980,"Blacksburg-Christiansburg, VA","Blacksburg, VA",,166156,72873,1073.587,16.699,37.120119,-80.559147
14010,"Bloomington, IL","Bloomington, IL",145,171455,74487,1183.248,3.013,40.494559,-88.844539
14020,"Bloomington, IN","Bloomington, IN",144,161469,72971,779.817,19.336,39.241736,-86.671754
14100,"Bloomsburg-Berwick, PA","Bloomsburg, PA",146,83211,37748,613.452,9.27,41.040404,-76.461654
14140,"Bluefield, WV-VA","Bluefield, WV",,106785,52565,1295.404,3.826,37.208488,-81.33484
14160,"Bluffton, IN","Bluffton, IN",258,28103,11913,368.087,2.161,40.735273,-85.212974
14180,"Blytheville, AR","Blytheville, AR",,41061,19250,902.093,27.886,35.766944,-90.052207
14220,"Bogalusa, LA","Bogalusa, LA",406,45794,21386,669.637,6.232,30.852144,-90.046253
14260,"Boise City, ID","Boise City, ID",147,750669,289323,11766.594,66.024,43.006648,-116.141909
14300,"Bonham, TX","Bonham, TX",206,35453,14596,890.835,8.049,33.591161,-96.104988
14380,"Boone, NC","Boone, NC",,54077,32602,312.44,0.877,36.235368,-81.709888
14420,"Borger, TX","Borger, TX",108,20801,10241,887.42,7.532,35.837047,-101.362746
14460,"Boston-Cambridge-Newton, MA-NH","Boston, MA",148,4912030,2017320,3486.108,1025.03,42.517606,-71.021993
14500,"Boulder, CO","Boulder, CO",216,328713,139302,726.384,14.087,40.094963,-105.397704
14540,"Bowling Green, KY","Bowling Green, KY",150,178398,76780,1615.037,23.869,37.046804,-86.397398
14580,"Bozeman, MT","Bozeman, MT",,116725,51826,2605.352,28.423,45.518054,-111.163921
14620,"Bradford, PA","Bradford, PA",,40652,19649,979.694,5.033,41.81459,-78.572463
14660,"Brainerd, MN","Brainerd, MN",,95796,65485,3019.83,550.704,46.767291,-94.223862
14700,"Branson, MO","Branson, MO",,55854,29487,632.223,19.354,36.649827,-93.042819
14720,"Breckenridge, CO","Breckenridge, CO",,31042,31182,608.328,10.931,39.621023,-106.137555
14740,"Bremerton-Silverdale-Port Orchard, WA","Bremerton, WA",500,273072,112718,395.102,170.729,47.639595,-122.649634
14780,"Brenham, TX","Brenham, TX",288,35561,16785,604.194,17.557,30.215075,-96.410272
14820,"Brevard, NC","Brevard, NC",120,32979,19035,378.358,1.966,35.210103,-82.816666
14860,"Bridgeport-Stamford-Norwalk, CT","Bridgeport, CT",408,956446,377249,624.97,212.079,41.227413,-73.367061
15020,"Brookhaven, MS","Brookhaven, MS",298,34910,15719,586.207,2.043,31.535216,-90.453566
15060,"Brookings, OR","Brookings, OR",,23234,12981,1628.382,360.857,42.466439,-124.210929
15100,"Brookings, SD","Brookings, SD",,34315,14696,792.217,12.719,44.376675,-96.797797
15140,"Brownsville, TN","Brownsville, TN",297,17912,8267,533.107,0.955,35.586678,-89.282691
15180,"Brownsville-Harlingen, TX","Brownsville, TX",154,420554,153836,891.715,384.715,26.102923,-97.478958
15220,"Brownwood, TX","Brownwood, TX",,38085,18792,944.452,12.5,31.764137,-98.998456
15260,"Brunswick, GA","Brunswick, GA",,113736,57132,1294.224,312.188,31.301739,-81.588909
15340,"Bucyrus-Galion, OH","Bucyrus, OH",360,41939,19889,401.786,0.911,40.848524,-82.924783
15380,"Buffalo-Cheektowaga, NY","Buffalo, NY",160,1162523,537103,1565.084,801.441,43.044371,-78.777335
15420,"Burley, ID","Burley, ID",,45862,17004,3322.606,20.497,42.369199,-113.642424
15460,"Burlington, IA-IL","Burlington, IA",161,45554,22195,794.922,30.08,40.863823,-91.069976
15500,"Burlington, NC","Burlington, NC",268,169185,72651,423.452,10.788,36.043954,-79.400573
15540,"Burlington-South Burlington, VT","Burlington, VT",162,224524,100167,1249.575,253.581,44.689115,-73.041175
15580,"Butte-Silver Bow, MT","Butte, MT",,35017,17209,717.983,0.586,45.896232,-112.660071
15620,"Cadillac, MI","Cadillac, MI",,48590,25165,1129.713,19.603,44.328738,-85.326429
15660,"Calhoun, GA","Calhoun, GA",174,57274,22645,356.443,2.212,34.509667,-84.873862
15680,"California-Lexington Park, MD","California, MD",548,113209,45138,358.616,405.636,38.223077,-76.534487
15700,"Cambridge, MD","Cambridge, MD",480,32486,16433,540.765,442.223,38.429196,-76.047433
15740,"Cambridge, OH","Cambridge, OH",198,38542,19043,522.254,6.049,40.056665,-81.497875
15780,"Camden, AR","Camden, AR",,27669,14481,1361.321,10.838,33.567513,-92.708217
15820,"Campbellsville, KY","Campbellsville, KY",,37089,16455,552.421,13.192,37.315476,-85.442981
15860,"Cañon City, CO","Cañon City, CO",444,49007,20176,1533.835,0.863,38.45517,-105.424958
15940,"Canton-Massillon, OH","Canton, OH",184,401578,180171,969.877,9.587,40.711051,-81.261468
15980,"Cape Coral-Fort Myers, FL","Cape Coral, FL",163,752251,410239,781.009,733.819,26.563273,-81.984182
16020,"Cape Girardeau, MO-IL","Cape Girardeau, MO",164,97332,43209,1431.815,28.361,37.325936,-89.762639
16060,"Carbondale-Marion, IL","Carbondale, IL",,134185,65106,1347.517,47.721,37.689742,-89.105149
16100,"Carlsbad-Artesia, NM","Carlsbad, NM",,61096,25882,4176.347,21.812,32.457835,-104.306434
16140,"Carroll, IA","Carroll, IA",,20756,9494,569.453,0.828,42.039502,-94.86765
16180,"Carson City, NV","Carson City, NV",456,57957,24358,144.534,12.585,39.15306,-119.747368
16220,"Casper, WY","Casper, WY",,79382,36755,5340.538,35.123,42.977645,-106.768219
16260,"Cedar City, UT","Cedar City, UT",,55839,21398,3296.337,4.398,37.909304,-113.30674
16300,"Cedar Rapids, IA","Cedar Rapids, IA",168,274901,120361,2008.779,11.332,42.086289,-91.631095
16340,"Cedartown, GA","Cedartown, GA",122,42692,17207,310.336,1.804,33.996015,-85.188338
16380,"Celina, OH","Celina, OH",338,42154,17845,462.447,10.978,40.535333,-84.632059
16420,"Central City, KY","Central City, KY",,31011,13524,467.358,12.042,37.213816,-87.134092
16460,"Centralia, IL","Centralia, IL",476,37781,17470,572.538,3.565,38.648236,-88.920362
16500,"Centralia, WA","Centralia, WA",500,81214,35271,2402.782,33.564,46.580071,-122.377444
16540,"Chambersburg-Waynesboro, PA","Chambersburg, PA",548,155592,66122,772.299,0.598,39.926772,-77.724521
16580,"Champaign-Urbana, IL","Champaign, IL",,223247,100022,1435.292,2.65,40.102988,-88.318504
16620,"Charleston, WV","Charleston, WV",170,260824,127456,2646.573,21.647,38.355177,-81.620341
16660,"Charleston-Mattoon, IL","Charleston, IL",,58070,27588,854.216,2.775,39.423163,-88.242212
16700,"Charleston-North Charleston, SC","Charleston, SC",,789932,354256,2590.193,572.86,33.01754,-80.009947
16740,"Charlotte-Concord-Gastonia, NC-SC","Charlotte, NC",172,2625282,1090365,5597.422,116.529,35.166342,-80.797285
16820,"Charlottesville, VA","Charlottesville, VA",,220282,97329,1644.527,13.777,37.949084,-78.593206
16860,"Chattanooga, TN-GA","Chattanooga, TN",174,559860,246404,2088.793,48.919,35.049361,-85.361158
16940,"Cheyenne, WY","Cheyenne, WY",,99905,43882,2685.864,1.679,41.29283,-104.660395
16980,"Chicago-Naperville-Elgin, IL-IN-WI","Chicago, IL",176,9607711,3926750,7194.891,2383.635,41.823521,-87.828297
17020,"Chico, CA","Chico, CA",,217884,95047,1636.49,40.641,39.665336,-121.603209
17060,"Chillicothe, OH","Chillicothe, OH",198,77205,32079,689.166,3.859,39.323895,-83.059538
17140,"Cincinnati, OH-KY-IN","Cincinnati, OH",178,2244329,953924,4546.458,84.511,39.100546,-84.479533
17220,"Clarksburg, WV","Clarksburg, WV",,90878,41415,908.502,4.171,39.28835,-80.43153
17260,"Clarksdale, MS","Clarksdale, MS",,21839,10231,553.102,29.933,34.230316,-90.60401
17300,"Clarksville, TN-KY","Clarksville, TN",,316185,128211,2157.959,84.254,36.69571,-87.624307
17340,"Clearlake, CA","Clearlake, CA",,67749,34309,1256.551,72.876,39.094802,-122.746757
17380,"Cleveland, MS","Cleveland, MS",185,31301,13718,876.507,31.447,33.799139,-90.88412
17420,"Cleveland, TN","Cleveland, TN",174,125347,53004,763.367,10.373,35.138117,-84.655079
17460,"Cleveland-Elyria, OH","Cleveland, OH",184,2084462,966969,1998.776,1980.097,41.555037,-81.604957
17500,"Clewiston, FL","Clewiston, FL",163,39439,14943,1155.95,33.428,26.539967,-81.152114
17540,"Clinton, IA","Clinton, IA",209,46589,21519,694.959,15.217,41.898073,-90.534243
17580,"Clovis, NM","Clovis, NM",188,48716,21064,1405.526,3.086,34.572984,-103.346055
17620,"Coamo, PR","Coamo, PR",434,35268,16120,78.013,0.015,18.1038,-66.357586
17640,"Coco, PR","Coco, PR",490,26208,13068,69.404,44.717,17.971485,-66.262252
17660,"Coeur d'Alene, ID","Coeur d'Alene, ID",518,168317,73466,1237.781,71.214,47.675957,-116.695919
17700,"Coffeyville, KS","Coffeyville, KS",,31679,15683,643.594,7.888,37.189537,-95.742403
17740,"Coldwater, MI","Coldwater, MI",310,44677,20720,506.411,13.293,41.918455,-85.066885
17780,"College Station-Bryan, TX","College Station, TX",,265621,112910,2100.375,33.431,30.754392,-96.488537
17820,"Colorado Springs, CO","Colorado Springs, CO",,747343,296997,2683.555,4.645,38.845507,-104.638728
17860,"Columbia, MO","Columbia, MO",190,209714,90992,1714.104,17.587,38.986486,-92.585189
17900,"Columbia, SC","Columbia, SC",192,825823,363274,3703.061,130.775,34.077585,-81.037845
17980,"Columbus, GA-AL","Columbus, GA",194,325657,143064,2786.074,31.803,32.419377,-84.843709
18020,"Columbus, IN","Columbus, IN",294,81759,35155,406.94,2.593,39.205843,-85.897999
18060,"Columbus, MS","Columbus, MS",200,58904,26907,505.448,11.016,33.471424,-88.439723
18100,"Columbus, NE","Columbus, NE",,34123,13987,674.05,10.54,41.576866,-97.513467
18140,"Columbus, OH","Columbus, OH",198,2122480,894712,4796.539,53.755,39.968562,-82.835911
18180,"Concord, NH","Concord, NH",148,152983,65367,932.899,22.077,43.299579,-71.680041
18220,"Connersville, IN","Connersville, IN",458,23393,10878,215.021,0.141,39.639655,-85.185032
18260,"Cookeville, TN","Cookeville, TN",,112945,51213,1143.401,13.522,36.277251,-85.468501
18300,"Coos Bay, OR","Coos Bay, OR",,64619,31283,1596.065,210.292,43.18591,-124.094133
18380,"Cordele, GA","Cordele, GA",,20524,9964,272.68,8.266,31.920268,-83.75653
18420,"Corinth, MS","Corinth, MS",539,34964,16274,400.044,1.316,34.886569,-88.581109
18460,"Cornelia, GA","Cornelia, GA",122,45767,18279,276.868,2.189,34.634392,-83.525875
18500,"Corning, NY","Corning, NY",236,94153,47551,1390.508,13.529,42.266725,-77.385525
18580,"Corpus Christi, TX","Corpus Christi, TX",204,422194,180005,1532.501,340.887,27.833597,-97.508958
18620,"Corsicana, TX","Corsicana, TX",206,51908,21196,1009.702,76.3,32.048448,-96.476909
18660,"Cortland, NY","Cortland, NY",296,46984,20798,498.774,2.745,42.594039,-76.07624
18700,"Corvallis, OR","Corvallis, OR",440,94667,39636,675.208,2.962,44.493882,-123.424664
18740,"Coshocton, OH","Coshocton, OH",,36621,16336,563.988,3.525,40.29671,-81.930109
18780,"Craig, CO","Craig, CO",525,13240,6091,4743.244,7.646,40.610864,-108.217154
18820,"Crawfordsville, IN","Crawfordsville, IN",294,37967,16471,504.647,0.798,40.040296,-86.892715
18860,"Crescent City, CA","Crescent City, CA",,27655,11093,1006.228,223.454,41.749903,-123.980998
18880,"Crestview-Fort Walton Beach-Destin, FL","Crestview, FL",,282686,155295,1968.156,687.982,30.594941,-86.358164
18900,"Crossville, TN","Crossville, TN",,60568,30096,681.306,3.513,35.952398,-84.994761
18980,"Cullman, AL","Cullman, AL",142,87129,38859,734.739,20.282,34.131923,-86.869267
19000,"Cullowhee, NC","Cullowhee, NC",,57149,35004,1018.838,16.279,35.389045,-83.322832
19060,"Cumberland, MD-WV","Cumberland, MD",,95729,45468,750.081,7.018,39.532185,-78.807082
19100,"Dallas-Fort Worth-Arlington, TX","Dallas, TX",206,7543340,2899352,8675.277,331.917,32.849171,-96.970489
19140,"Dalton, GA","Dalton, GA",174,142929,54956,634.939,2.818,34.796956,-84.856279
19180,"Danville, IL","Danville, IL",,74953,34626,898.319,2.908,40.186754,-87.726778
19220,"Danville, KY","Danville, KY",,54783,23661,513.193,6.04,37.507848,-84.735684
19260,"Danville, VA","Danville, VA",,103389,51920,1011.8,10.133,36.811853,-79.400122
19300,"Daphne-Fairhope-Foley, AL","Daphne, AL",380,227131,121763,1589.836,437.437,30.659218,-87.746067
19340,"Davenport-Moline-Rock Island, IA-IL","Davenport, IA",209,384055,173256,2269.893,44.034,41.39168,-90.460076
19420,"Dayton, TN","Dayton, TN",174,32723,15039,315.473,21.008,35.60059,-84.949548
19430,"Dayton-Kettering, OH","Dayton, OH",212,811078,369506,1281.43,8.58,39.829746,-84.140992
19460,"Decatur, AL","Decatur, AL",290,155697,68306,1270.353,45.899,34.489361,-87.097147
19500,"Decatur, IL","Decatur, IL",,104331,49832,580.576,5.176,39.860237,-88.961529
19540,"Decatur, IN","Decatur, IN",258,35685,13153,338.926,1.04,40.745733,-84.93613
19580,"Defiance, OH","Defiance, OH",,38329,16564,411.439,2.742,41.321679,-84.486433
19620,"Del Rio, TX","Del Rio, TX",,47767,18512,3144.75,87.92,29.875285,-101.143324
19660,"Deltona-Daytona Beach-Ormond Beach, FL","Deltona, FL",422,662671,324956,1587.512,415.754,29.1789,-81.189023
19700,"Deming, NM","Deming, NM",,25282,11462,2965.179,0.167,32.184523,-107.747191
19740,"Denver-Aurora-Lakewood, CO","Denver, CO",216,2936665,1220571,8344.627,57.656,39.434789,-104.901073
19760,"DeRidder, LA","DeRidder, LA",217,36417,15676,1157.477,8.473,30.645018,-93.340253
19780,"Des Moines-West Des Moines, IA","Des Moines, IA",218,702036,297435,3612.39,32.268,41.57705,-93.759712
19820,"Detroit-Warren-Dearborn, MI","Detroit, MI",220,4382832,1899533,3892.283,343.377,42.721848,-83.200846
19860,"Dickinson, ND","Dickinson, ND",,33549,15759,2483.402,10.043,46.912583,-102.988487
19940,"Dixon, IL","Dixon, IL",221,34373,14999,724.787,3.758,41.747447,-89.299362
19980,"Dodge City, KS","Dodge City, KS",,34426,12510,1098.271,0.81,37.688416,-99.884748
20020,"Dothan, AL","Dothan, AL",222,150124,70492,1716.074,12.864,31.245528,-85.46919
20060,"Douglas, GA","Douglas, GA",,51317,20776,934.997,12.186,31.459541,-82.867327
20100,"Dover, DE","Dover, DE",428,180078,72211,586.061,212.27,39.097088,-75.502982
20140,"Dublin, GA","Dublin, GA",,64884,28292,1309.786,17.724,32.50894,-82.810013
20180,"DuBois, PA","DuBois, PA",524,80667,38173,1145.325,9.241,41.006862,-78.477724
20220,"Dubuque, IA","Dubuque, IA",,98687,42406,608.299,8.162,42.463481,-90.878771
20260,"Duluth, MN-WI","Duluth, MN",,291325,149515,10522.67,1683.634,47.347503,-92.155335
20300,"Dumas, TX","Dumas, TX",,21494,8171,899.698,9.923,35.835676,-101.890502
20340,"Duncan, OK","Duncan, OK",,42983,20367,870.209,21.171,34.481361,-97.855607
20420,"Durango, CO","Durango, CO",,55673,27858,1689.682,9.901,37.287367,-107.839718
20460,"Durant, OK","Durant, OK",206,45809,20265,904.253,39.403,33.964004,-96.265135
20500,"Durham-Chapel Hill, NC","Durham, NC",450,642445,278357,2290.165,59.567,36.060589,-78.989787
20540,"Dyersburg, TN","Dyersburg, TN",,36975,16297,512.351,13.838,36.054196,-89.398306
20580,"Eagle Pass, TX","Eagle Pass, TX",,57769,19851,1279.473,12.306,28.729787,-100.316678
20660,"Easton, MD","Easton, MD",548,37510,19597,268.558,208.249,38.748349,-76.178476
20700,"East Stroudsburg, PA","East Stroudsburg, PA",408,168128,79346,608.356,8.755,41.05624,-75.329065
20740,"Eau Claire, WI","Eau Claire, WI",232,171083,73305,1646.278,40.186,44.938672,-91.284322
20780,"Edwards, CO","Edwards, CO",233,55693,32611,1684.469,7.325,39.626992,-106.695169
20820,"Effingham, IL","Effingham, IL",,34576,15237,478.769,1.226,39.047945,-88.592849
20900,"El Campo, TX","El Campo, TX",288,41602,17300,1086.142,8.228,29.27848,-96.229674
20940,"El Centro, CA","El Centro, CA",,180051,56636,4175.539,305.104,33.040814,-115.3554
20980,"El Dorado, AR","El Dorado, AR",,39262,18779,1039.067,16.256,33.168219,-92.598145
21020,"Elizabeth City, NC","Elizabeth City, NC",545,53242,24238,474.05,144.212,36.197118,-76.34244
21060,"Elizabethtown-Fort Knox, KY","Elizabethtown, KY",350,154637,65005,1190.392,27.773,37.73298,-85.972171
21120,"Elk City, OK","Elk City, OK",,22349,10104,901.675,2.132,35.270601,-99.690057
21140,"Elkhart-Goshen, IN","Elkhart, IN",515,206314,79411,463.161,4.81,41.600693,-85.863986
21180,"Elkins, WV","Elkins, WV",,28150,13180,1039.7,0.258,38.781095,-79.867788
21220,"Elko, NV","Elko, NV",,55023,22624,21349.134,33.144,40.906086,-115.554577
21260,"Ellensburg, WA","Ellensburg, WA",,44147,23505,2297.28,35.709,47.124441,-120.676709
21300,"Elmira, NY","Elmira, NY",236,84456,38891,407.333,3.427,42.148697,-76.752471
21340,"El Paso, TX","El Paso, TX",238,863807,315331,5583.759,2.9,31.527394,-105.521333
21380,"Emporia, KS","Emporia, KS",,34901,16395,1620.531,12.607,38.382134,-96.359301
21420,"Enid, OK","Enid, OK",,62628,27727,1058.507,1.574,36.378132,-97.788741
21460,"Enterprise, AL","Enterprise, AL",,53043,23934,678.986,1.509,31.402258,-85.989602
21500,"Erie, PA","Erie, PA",240,271903,119941,798.913,759.17,42.117952,-80.096386
21540,"Escanaba, MI","Escanaba, MI",,36836,19855,1171.101,820.231,45.805229,-86.901938
21580,"Española, NM","Española, NM",106,40347,19585,5860.874,35.314,36.509669,-106.693983
21640,"Eufaula, AL-GA","Eufaula, AL",,27508,13430,1036.245,28.835,31.867281,-85.335032
21660,"Eugene-Springfield, OR","Eugene, OR",,380532,165271,4554.092,168.363,43.928334,-122.897581
21700,"Eureka-Arcata, CA","Eureka, CA",,137014,62137,3568.188,484.066,40.706655,-123.926176
21740,"Evanston, WY","Evanston, WY",,20514,8819,2081.721,6.419,41.284726,-110.558947
21780,"Evansville, IN-KY","Evansville, IN",,313673,141261,1463.956,49.126,38.02007,-87.586166
21820,"Fairbanks, AK","Fairbanks, AK",,97149,42870,7334.822,100.12,64.676044,-146.548159
21840,"Fairfield, IA","Fairfield, IA",,15846,7649,435.524,1.36,41.006376,-91.966628
21860,"Fairmont, MN","Fairmont, MN",,20070,9797,712.331,17.247,43.677173,-94.547096
21900,"Fairmont, WV","Fairmont, WV",390,56256,26300,308.753,2.765,39.505839,-80.243402
21980,"Fallon, NV","Fallon, NV",,25077,10768,4950.157,73.646,39.53771,-118.264166
22020,"Fargo, ND-MN","Fargo, ND",244,247967,111151,2810.111,10.329,46.914859,-96.960183
22060,"Faribault-Northfield, MN","Faribault, MN",378,66795,24930,495.84,20.101,44.350775,-93.298513
22100,"Farmington, MO","Farmington, MO",476,67168,28764,451.886,2.787,37.810707,-90.473868
22140,"Farmington, NM","Farmington, NM",,122912,48072,5517.231,21.195,36.511624,-108.324578
22180,"Fayetteville, NC","Fayetteville, NC",246,518825,215212,1637.642,13.738,35.155981,-78.931856
22220,"Fayetteville-Springdale-Rogers, AR","Fayetteville, AR",,538063,217139,2623.42,50.276,36.116394,-94.079545
22260,"Fergus Falls, MN","Fergus Falls, MN",,59728,36464,1971.634,252.693,46.405727,-95.714581
22280,"Fernley, NV","Fernley, NV",456,58029,24120,2003.075,22.969,39.022213,-119.197425
22300,"Findlay, OH","Findlay, OH",534,75139,33611,531.325,2.325,41.000217,-83.665947
22340,"Fitzgerald, GA","Fitzgerald, GA",,17237,8102,250.118,3.789,31.740772,-83.147197
22380,"Flagstaff, AZ","Flagstaff, AZ",,144942,68446,18616.355,45.032,35.829692,-111.773728
22420,"Flint, MI","Flint, MI",220,406400,184024,636.943,12.644,43.021077,-83.706372
22500,"Florence, SC","Florence, SC",,200709,89818,1361.094,9.434,34.153574,-79.806164
22520,"Florence-Muscle Shoals, AL","Florence, AL",,150131,72024,1260.968,82.149,34.799254,-87.719388
22540,"Fond du Lac, WI","Fond du Lac, WI",,103890,45584,719.566,46.276,43.754722,-88.493284
22580,"Forest City, NC","Forest City, NC",,64592,32635,565.437,1.812,35.402747,-81.919582
22620,"Forrest City, AR","Forrest City, AR",368,23623,9741,634.784,7.729,35.022838,-90.751506
22660,"Fort Collins, CO","Fort Collins, CO",,354670,156030,2595.772,38.217,40.658093,-105.486764
22700,"Fort Dodge, IA","Fort Dodge, IA",,37114,16950,715.706,2.807,42.433579,-94.175831
22780,"Fort Leonard Wood, MO","Fort Leonard Wood, MO",,53460,19280,547.112,4.368,37.824835,-92.207022
22800,"Fort Madison-Keokuk, IA-IL-MO","Fort Madison, IA",161,58123,28150,1815.905,49.238,40.478345,-91.409363
22820,"Fort Morgan, CO","Fort Morgan, CO",,28868,11474,1280.485,13.383,40.263159,-103.81221
22840,"Fort Payne, AL","Fort Payne, AL",497,71554,30647,777.077,1.586,34.460915,-85.804021
22860,"Fort Polk South, LA","Fort Polk South, LA",217,49064,21968,1326.719,13.568,31.102841,-93.18833
22900,"Fort Smith, AR-OK","Fort Smith, AR",,245235,108011,2408.975,75.446,35.463119,-94.299741
23060,"Fort Wayne, IN","Fort Wayne, IN",258,415887,176055,992.869,5.07,41.113116,-85.217705
23140,"Frankfort, IN","Frankfort, IN",320,33010,13418,405.067,0.178,40.305944,-86.477567
23180,"Frankfort, KY","Frankfort, KY",336,74965,33844,410.011,6.278,38.121449,-84.933167
23240,"Fredericksburg, TX","Fredericksburg, TX",314,26730,13975,1058.202,3.475,30.325093,-98.94185
23300,"Freeport, IL","Freeport, IL",466,44817,21449,564.247,0.521,42.349726,-89.665994
23340,"Fremont, NE","Fremont, NE",420,37249,16283,529.067,13.935,41.577008,-96.645852
23380,"Fremont, OH","Fremont, OH",534,59013,26460,408.246,9.465,41.355319,-83.142776
23420,"Fresno, CA","Fresno, CA",260,1003150,336509,5958.383,52.745,36.761006,-119.655019
23460,"Gadsden, AL","Gadsden, AL",,103468,47329,535.105,13.522,34.047641,-86.034263
23500,"Gaffney, SC","Gaffney, SC",273,56204,24635,392.964,4.514,35.049796,-81.607647
23540,"Gainesville, FL","Gainesville, FL",264,336322,150054,2343.563,571.441,29.453355,-82.666257
23580,"Gainesville, GA","Gainesville, GA",122,201703,75797,392.988,36.289,34.317569,-83.8185
23620,"Gainesville, TX","Gainesville, TX",206,41215,17570,874.826,23.676,33.639196,-97.210343
23660,"Galesburg, IL","Galesburg, IL",,50193,23839,716.385,3.412,40.930945,-90.213792
23700,"Gallup, NM","Gallup, NM",,72946,25200,5451.064,4.899,35.584062,-108.253294
23780,"Garden City, KS","Garden City, KS",,42357,15657,2172.541,1.1,38.025453,-100.970695
23820,"Gardnerville Ranchos, NV","Gardnerville Ranchos, NV",456,49158,24235,710.485,27.922,38.905129,-119.609019
23860,"Georgetown, SC","Georgetown, SC",396,62992,35762,813.624,221.21,33.417531,-79.296333
23900,"Gettysburg, PA","Gettysburg, PA",276,103782,42848,518.69,3.001,39.869471,-77.21773
23940,"Gillette, WY","Gillette, WY",,60834,26945,10054.55,17.151,44.2321,-105.034342
23980,"Glasgow, KY","Glasgow, KY",150,54552,24427,777.226,13.964,36.967571,-85.815497
24020,"Glens Falls, NY","Glens Falls, NY",104,127196,68931,1698.411,79.138,43.44045,-73.636757
24060,"Glenwood Springs, CO","Glenwood Springs, CO",233,78692,37279,3918.131,10.876,39.509542,-107.667311
24100,"Gloversville, NY","Gloversville, NY",104,53588,28190,495.46,37.42,43.115609,-74.423678
24140,"Goldsboro, NC","Goldsboro, NC",,117692,52698,553.922,3.8,35.35419,-78.00867
24180,"Granbury, TX","Granbury, TX",206,60521,27987,420.69,16.13,32.430149,-97.831677
24220,"Grand Forks, ND-MN","Grand Forks, ND",,104404,48015,3407.225,29.984,47.835929,-96.842681
24260,"Grand Island, NE","Grand Island, NE",,76764,31582,1602.987,21.529,41.083926,-98.374218
24300,"Grand Junction, CO","Grand Junction, CO",,154685,66608,3328.721,12.352,39.019524,-108.460571
24330,"Grand Rapids, MN","Grand Rapids, MN",,44969,25660,2667.74,260.191,47.490817,-93.611102
24340,"Grand Rapids-Kentwood, MI","Grand Rapids, MI",266,1081665,428460,2689.099,1115.047,43.037598,-85.778167
24380,"Grants, NM","Grants, NM",,27284,11120,4539.984,2.145,34.928272,-107.99268
24420,"Grants Pass, OR","Grants Pass, OR",366,87686,38704,1638.649,2.174,42.386983,-123.57162
24460,"Great Bend, KS","Great Bend, KS",,25708,12408,895.257,5.377,38.481239,-98.767837
24500,"Great Falls, MT","Great Falls, MT",,84178,38884,2698.207,13.247,47.316575,-111.350262
24540,"Greeley, CO","Greeley, CO",216,322424,115854,3984.95,31.795,40.555961,-104.383666
24580,"Green Bay, WI","Green Bay, WI",267,326590,145262,1870.027,978.841,44.474024,-87.99613
24620,"Greeneville, TN","Greeneville, TN",,69926,32173,622.169,1.969,36.179487,-82.847523
24660,"Greensboro-High Point, NC","Greensboro, NC",268,771751,336830,1993.899,26.46,36.025204,-79.792633
24700,"Greensburg, IN","Greensburg, IN",294,26466,11489,372.568,0.755,39.30598,-85.499831
24740,"Greenville, MS","Greenville, MS",,45616,20977,723.972,36.393,33.273174,-90.944446
24780,"Greenville, NC","Greenville, NC",272,170600,79914,652.366,3.184,35.59249,-77.372739
24820,"Greenville, OH","Greenville, OH",212,51839,22586,598.102,1.639,40.131467,-84.621191
24860,"Greenville-Anderson, SC","Greenville, SC",273,918166,398767,2709.6,77.428,34.683709,-82.413423
24900,"Greenwood, MS","Greenwood, MS",,38608,17637,1222.462,18.502,33.491305,-90.113633
24940,"Greenwood, SC","Greenwood, SC",273,69338,31300,455.604,8.209,34.155796,-82.127876
24980,"Grenada, MS","Grenada, MS",,21621,10376,422.122,27.282,33.770031,-89.80274
25020,"Guayama, PR","Guayama, PR",490,69802,34485,126.647,91.02,17.979155,-66.069473
25060,"Gulfport-Biloxi, MS","Gulfport, MS",,414642,183499,2215.916,813.019,30.480153,-88.999297
25100,"Guymon, OK","Guymon, OK",,21448,8424,2041.273,7.42,36.746317,-101.483855
25180,"Hagerstown-Martinsburg, MD-WV","Hagerstown, MD",548,291560,122782,1008.004,10.534,39.554433,-77.984594
25200,"Hailey, ID","Hailey, ID",,24912,16118,3711.972,21.701,43.445822,-114.183901
25220,"Hammond, LA","Hammond, LA",406,132492,56149,791.171,52.776,30.621348,-90.40649
25260,"Hanford-Corcoran, CA","Hanford, CA",260,151887,46145,1390.972,1.222,36.072478,-119.81553
25300,"Hannibal, MO","Hannibal, MO",448,38882,17903,906.709,21.427,39.664115,-91.579179
25420,"Harrisburg-Carlisle, PA","Harrisburg, PA",276,587411,254114,1621.799,42.205,40.335915,-77.05049
25460,"Harrison, AR","Harrison, AR",,44788,21474,1410.795,14.569,36.087809,-93.162053
25500,"Harrisonburg, VA","Harrisonburg, VA",277,135152,53957,867.129,4.161,38.507585,-78.885321
25540,"Hartford-East Hartford-Middletown, CT","Hartford, CT",278,1213324,521195,1514.59,92.219,41.71865,-72.573919
25580,"Hastings, NE","Hastings, NE",,31284,13775,563.274,0.957,40.520632,-98.500044
25620,"Hattiesburg, MS","Hattiesburg, MS",279,171455,74222,2023.712,11.655,31.273766,-89.300634
25700,"Hays, KS","Hays, KS",,28893,13176,899.912,0.462,38.914597,-99.317313
25720,"Heber, UT","Heber, UT",482,76184,39935,3047.593,40.829,40.699219,-111.020425
25740,"Helena, MT","Helena, MT",,82397,38640,5115.378,41.603,46.811354,-112.284031
25760,"Helena-West Helena, AR","Helena, AR",,16923,8523,690.36,37.053,34.423687,-90.855593
25780,"Henderson, NC","Henderson, NC",450,42650,19384,252.396,16.29,36.365481,-78.405434
25820,"Hereford, TX","Hereford, TX",,18675,6994,1496.822,1.516,34.940766,-102.607564
25840,"Hermiston-Pendleton, OR","Hermiston, OR",,91473,35601,5245.979,33.201,45.544602,-119.076191
25860,"Hickory-Lenoir-Morganton, NC","Hickory, NC",,364877,162969,1639.483,29.02,35.814286,-81.456575
25880,"Hillsdale, MI","Hillsdale, MI",,45673,21465,598.152,8.857,41.927461,-84.637479
25900,"Hilo, HI","Hilo, HI",,200468,88259,4028.449,1057.716,19.597764,-155.502443
25940,"Hilton Head Island-Bluffton, SC","Hilton Head Island, SC",,214370,110075,1231.205,393.856,32.386792,-80.830877
25980,"Hinesville, GA","Hinesville, GA",496,80732,32840,916.862,89.478,31.778788,-81.57648
26020,"Hobbs, NM","Hobbs, NM",,72743,27600,4391.552,3.146,32.795687,-103.413271
26090,"Holland, MI","Holland, MI",266,119418,51536,825.253,1008.037,42.421251,-86.261403
26140,"Homosassa Springs, FL","Homosassa Springs, FL",,151888,81099,581.919,378.822,28.850292,-82.595552
26220,"Hood River, OR","Hood River, OR",,23915,10051,522.087,11.214,45.511775,-121.655976
26260,"Hope, AR","Hope, AR",,28692,14040,1344.989,16.69,33.70084,-93.499549
26300,"Hot Springs, AR","Hot Springs, AR",284,99694,52115,677.609,56.932,34.578852,-93.146932
26340,"Houghton, MI","Houghton, MI",,39537,20912,1549.212,5918.571,47.367297,-88.351332
26380,"Houma-Thibodaux, LA","Houma, LA",,207777,87874,2297.681,1252.991,29.33413,-90.843674
26420,"Houston-The Woodlands-Sugar Land, TX","Houston, TX",288,7048954,2702734,8268.771,1175.065,29.749593,-95.353642
26460,"Hudson, NY","Hudson, NY",104,61587,33222,634.663,13.541,42.247696,-73.626718
26500,"Huntingdon, PA","Huntingdon, PA",107,44458,21048,874.652,14.615,40.422311,-77.968595
26540,"Huntington, IN","Huntington, IN",258,36572,16168,382.652,5.069,40.826394,-85.478597
26580,"Huntington-Ashland, WV-KY-OH","Huntington, WV",170,361177,166042,2499.926,36.449,38.406577,-82.542646
26620,"Huntsville, AL","Huntsville, AL",290,483366,209627,1361.564,58.338,34.783262,-86.734871
26660,"Huntsville, TX","Huntsville, TX",288,76506,28026,784.222,17.276,30.743163,-95.569825
26700,"Huron, SD","Huron, SD",,20770,9416,1784.83,12.572,44.311391,-98.382386
26740,"Hutchinson, KS","Hutchinson, KS",,62071,28306,1255.308,16.802,37.948185,-98.078346
26780,"Hutchinson, MN","Hutchinson, MN",378,36662,15773,491.51,14.067,44.821657,-94.272323
26820,"Idaho Falls, ID","Idaho Falls, ID",292,154771,55789,5196.148,48.373,43.620423,-112.420919
26860,"Indiana, PA","Indiana, PA",430,83620,37788,827.404,6.984,40.651432,-79.087545
26900,"Indianapolis-Carmel-Anderson, IN","Indianapolis, IN",294,2089990,886282,4306.555,34.15,39.74867,-86.212382
26940,"Indianola, MS","Indianola, MS",185,26295,9457,697.759,9.169,33.605529,-90.59509
26980,"Iowa City, IA","Iowa City, IA",168,174358,74727,1181.826,12.127,41.517806,-91.64793
27020,"Iron Mountain, MI-WI","Iron Mountain, MI",361,30496,18576,1249.07,24.949,45.947705,-88.08097
27060,"Ithaca, NY","Ithaca, NY",296,105638,46046,474.642,16.906,42.453006,-76.473483
27100,"Jackson, MI","Jackson, MI",,160765,68963,701.897,21.596,42.248474,-84.420868
27140,"Jackson, MS","Jackson, MS",298,594756,256293,5405.163,88.953,32.42828,-90.202388
27160,"Jackson, OH","Jackson, OH",,32531,14421,420.31,1.223,39.013477,-82.614142
27180,"Jackson, TN","Jackson, TN",297,179941,79127,1711.184,2.789,35.753215,-88.882692
27220,"Jackson, WY-ID","Jackson, WY",,34809,19014,4445.94,221.517,44.048662,-110.426087
27260,"Jacksonville, FL","Jacksonville, FL",300,1581680,679655,3201.803,496.629,30.236594,-81.754446
27300,"Jacksonville, IL","Jacksonville, IL",522,38112,17485,819.748,5.355,39.69395,-90.285047
27340,"Jacksonville, NC","Jacksonville, NC",,201597,83146,762.085,143.108,34.763109,-77.499469
27380,"Jacksonville, TX","Jacksonville, TX",540,50564,20873,1052.955,9.217,31.843881,-95.156343
27420,"Jamestown, ND","Jamestown, ND",,21678,10366,2221.904,76.167,46.972223,-98.956123
27460,"Jamestown-Dunkirk-Fredonia, NY","Jamestown, NY",,128042,66370,1060.412,439.78,42.304216,-79.407595
27500,"Janesville-Beloit, WI","Janesville, WI",357,163522,69841,718.167,7.991,42.66988,-89.075284
27530,"Jasper, AL","Jasper, AL",142,65194,30093,791.03,14.163,33.791558,-87.301094
27540,"Jasper, IN","Jasper, IN",,55694,24077,761.57,14.858,38.384156,-87.035953
27580,"Jayuya, PR","Jayuya, PR",,14877,6177,44.533,0.001,18.211152,-66.58687
27600,"Jefferson, GA","Jefferson, GA",122,73839,27137,339.658,3.42,34.130905,-83.562557
27620,"Jefferson City, MO","Jefferson City, MO",,150956,64437,2247.725,30.88,38.636885,-92.088876
27660,"Jennings, LA","Jennings, LA",324,32270,13887,651.52,7.207,30.269529,-92.816221
27700,"Jesup, GA","Jesup, GA",496,30118,12420,641.813,6.86,31.547845,-81.912376
27740,"Johnson City, TN","Johnson City, TN",304,206272,96947,853.87,10.031,36.265822,-82.332693
27780,"Johnstown, PA","Johnstown, PA",306,134048,64538,687.51,5.221,40.510227,-78.710477
27860,"Jonesboro, AR","Jonesboro, AR",308,133087,56704,1465.456,10.895,35.696978,-90.650175
27900,"Joplin, MO","Joplin, MO",309,180693,76976,1263.261,4.586,37.055546,-94.339736
27940,"Juneau, AK","Juneau, AK",,32240,13987,2704.031,550.671,58.37291,-134.178445
27980,"Kahului-Wailuku-Lahaina, HI","Kahului, HI",,164568,71318,1161.53,1236.799,20.855931,-156.60155
28020,"Kalamazoo-Portage, MI","Kalamazoo, MI",310,261280,113570,561.955,18.343,42.246266,-85.532854
28060,"Kalispell, MT","Kalispell, MT",,103400,49595,5087.223,168.789,48.295422,-114.052059
28100,"Kankakee, IL","Kankakee, IL",176,108104,45288,676.49,4.81,41.13951,-87.861117
28140,"Kansas City, MO-KS","Kansas City, MO",312,2176124,931572,7256.503,116.338,38.931857,-94.443841
28180,"Kapaa, HI","Kapaa, HI",,73247,30147,619.884,646.429,22.012038,-159.705965
28260,"Kearney, NE","Kearney, NE",,56479,23809,1484.464,7.285,40.738595,-99.031788
28300,"Keene, NH","Keene, NH",,76473,35591,706.709,22.235,42.92546,-72.248183
28340,"Kendallville, IN","Kendallville, IN",258,47293,20068,410.846,6.587,41.404679,-85.417271
28380,"Kennett, MO","Kennett, MO",,28592,13549,541.909,5.293,36.153025,-90.062254
28420,"Kennewick-Richland, WA","Kennewick, WA",313,299864,108214,2941.723,82.936,46.364155,-119.254927
28500,"Kerrville, TX","Kerrville, TX",314,52411,25053,1103.332,3.951,30.059953,-99.353339
28540,"Ketchikan, AK","Ketchikan, AK",,13939,6564,4856.93,1795.995,55.449938,-131.106685
28580,"Key West, FL","Key West, FL",370,82244,53699,983.042,4306.523,25.58612,-81.022603
28620,"Kill Devil Hills, NC","Kill Devil Hills, NC",545,36718,34210,383.229,1158.505,35.606269,-75.767536
28660,"Killeen-Temple, TX","Killeen, TX",,467838,184011,2818.607,42.073,31.20273,-97.789638
28700,"Kingsport-Bristol, TN-VA","Kingsport, TN",304,307215,148392,2010.428,37.058,36.604161,-82.440145
28740,"Kingston, NY","Kingston, NY",408,181862,85639,1124.236,36.524,41.947212,-74.265458
28780,"Kingsville, TX","Kingsville, TX",204,31184,13994,2339.868,696.13,27.113943,-97.568508
28820,"Kinston, NC","Kinston, NC",272,55344,26696,399.087,2.278,35.240066,-77.635514
28860,"Kirksville, MO","Kirksville, MO",,29433,13252,874.629,2.967,40.284489,-92.565124
28900,"Klamath Falls, OR","Klamath Falls, OR",,68899,32741,5949.979,187.241,42.683761,-121.646168
28940,"Knoxville, TN","Knoxville, TN",315,873816,391582,3220.348,127.067,36.014791,-84.206701
29020,"Kokomo, IN","Kokomo, IN",316,83349,39485,293.074,0.847,40.483537,-86.114118
29060,"Laconia, NH","Laconia, NH",148,63395,38267,401.847,68.163,43.519109,-71.425366
29100,"La Crosse-Onalaska, WI-MN","La Crosse, WI",,139097,60935,1003.92,44.967,43.783246,-91.318743
29180,"Lafayette, LA","Lafayette, LA",318,479888,212011,3408.871,907.002,29.957773,-92.04935
29200,"Lafayette-West Lafayette, IN","Lafayette, IN",320,223366,93953,1642.24,8.937,40.482153,-87.017112
29260,"La Grande, OR","La Grande, OR",,26255,11641,2036.941,1.906,45.304081,-117.999149
29300,"LaGrange, GA-AL","LaGrange, GA",122,104317,45108,1010.57,38.506,32.970298,-85.24416
29340,"Lake Charles, LA","Lake Charles, LA",324,218296,95927,2348.721,682.166,29.978755,-93.253243
29380,"Lake City, FL","Lake City, FL",264,69265,29631,797.377,3.941,30.221651,-82.623371
29420,"Lake Havasu City-Kingman, AZ","Lake Havasu City, AZ",,211274,116893,13332.118,128.727,35.717705,-113.749689
29460,"Lakeland-Winter Haven, FL","Lakeland, FL",422,713148,311599,1797.892,212.52,27.953649,-81.693534
29500,"Lamesa, TX","Lamesa, TX",,12371,4919,900.306,1.823,32.742528,-101.948771
29540,"Lancaster, PA","Lancaster, PA",,550480,215288,943.924,39.911,40.041992,-76.250198
29620,"Lansing-East Lansing, MI","Lansing, MI",,541730,235252,2228.609,27.045,42.771233,-84.496029
29660,"Laramie, WY","Laramie, WY",,37311,18546,4274.327,34.425,41.665514,-105.721883
29700,"Laredo, TX","Laredo, TX",,266963,83990,3361.478,14.114,27.760799,-99.340752
29740,"Las Cruces, NM","Las Cruces, NM",238,218157,89119,3808.189,6.793,32.349919,-106.834968
29780,"Las Vegas, NM","Las Vegas, NM",106,31589,18041,6647.764,22.191,35.644067,-104.863027
29820,"Las Vegas-Henderson-Paradise, NV","Las Vegas, NV",332,2231147,910667,7891.661,169.261,36.21413,-115.014398
29860,"Laurel, MS","Laurel, MS",279,83780,36596,1371.155,6.105,31.825465,-89.148054
29900,"Laurinburg, NC","Laurinburg, NC",246,34345,14445,319.14,1.483,34.840023,-79.477337
29940,"Lawrence, KS","Lawrence, KS",312,118690,52321,455.766,18.871,38.896417,-95.290947
29980,"Lawrenceburg, TN","Lawrenceburg, TN",400,43967,18609,617.13,0.857,35.220476,-87.396546
30020,"Lawton, OK","Lawton, OK",,127105,55265,1701.959,23.802,34.529113,-98.430902
30060,"Lebanon, MO","Lebanon, MO",,35898,15920,764.631,3.362,37.659698,-92.594843
30100,"Lebanon, NH-VT","Lebanon, NH",,221009,122473,3902.627,67.478,43.785726,-72.159142
30140,"Lebanon, PA","Lebanon, PA",276,142486,58793,361.835,0.665,40.371448,-76.464819
30220,"Levelland, TX","Levelland, TX",352,21670,9192,908.392,0.172,33.605932,-102.343398
30260,"Lewisburg, PA","Lewisburg, PA",146,43094,16215,315.952,1.785,40.962179,-77.055475
30280,"Lewisburg, TN","Lewisburg, TN",400,33909,14166,375.462,0.696,35.468343,-86.765865
30300,"Lewiston, ID-WA","Lewiston, ID",,64105,28306,1484.396,12.566,46.251696,-116.925017
30340,"Lewiston-Auburn, ME","Lewiston, ME",438,110378,49769,467.953,29.168,44.167681,-70.207435
30380,"Lewistown, PA","Lewistown, PA",,46156,21347,411.045,3.671,40.601615,-77.651832
30420,"Lexington, NE","Lexington, NE",,25842,11014,1471.214,10.943,40.756816,-99.821978
30460,"Lexington-Fayette, KY","Lexington, KY",336,514392,224737,1469.928,14.338,38.102876,-84.438545
30580,"Liberal, KS","Liberal, KS",,22223,8255,639.653,0.757,37.18096,-100.855257
30620,"Lima, OH","Lima, OH",338,102462,44614,402.545,4.306,40.771627,-84.106103
30660,"Lincoln, IL","Lincoln, IL",522,28238,11981,618.052,0.873,40.129277,-89.365309
30700,"Lincoln, NE","Lincoln, NE",339,337906,141238,1408.991,13.278,40.817429,-96.868801
30780,"Little Rock-North Little Rock-Conway, AR","Little Rock, AR",340,745222,334674,4083.797,115.293,34.755773,-92.400589
30820,"Lock Haven, PA","Lock Haven, PA",558,37824,18677,887.984,8.949,41.239508,-77.629009
30860,"Logan, UT-ID","Logan, UT",,145739,47969,1827.745,12.838,41.88902,-111.787438
30900,"Logansport, IN","Logansport, IN",,37918,16387,412.144,2.704,40.753799,-86.355168
30940,"London, KY","London, KY",,149519,64359,1727.423,20.27,36.985916,-83.966066
30980,"Longview, TX","Longview, TX",,285741,120575,2680.618,42.066,32.431646,-94.684833
31020,"Longview, WA","Longview, WA",440,109457,45210,1141.159,25.272,46.196785,-122.67846
31060,"Los Alamos, NM","Los Alamos, NM",106,19169,8593,109.123,0.08,35.870047,-106.307968
31080,"Los Angeles-Long Beach-Anaheim, CA","Los Angeles, CA",348,13202558,4700554,4852.14,847.014,34.108703,-118.182753
31140,"Louisville/Jefferson County, KY-IN","Louisville, KY",350,1279554,556660,3236.992,54.514,38.305838,-85.681645
31180,"Lubbock, TX","Lubbock, TX",352,319432,136506,2687.667,8.206,33.470327,-101.648825
31220,"Ludington, MI","Ludington, MI",,29103,17387,494.969,747.346,43.957196,-86.442937
31260,"Lufkin, TX","Lufkin, TX",,86584,36445,797.865,66.912,31.251896,-94.611134
31300,"Lumberton, NC","Lumberton, NC",246,118836,48916,947.295,1.96,34.63921,-79.100881
31340,"Lynchburg, VA","Lynchburg, VA",,261232,117493,2120.473,26.442,37.364926,-79.216689
31380,"Macomb, IL","Macomb, IL",,27743,13714,589.323,0.777,40.455808,-90.678954
31420,"Macon-Bibb County, GA","Macon, GA",356,233026,103588,1723.59,14.091,32.856216,-83.714305
31460,"Madera, CA","Madera, CA",260,156304,49512,2136.918,16.321,37.209821,-119.749802
31500,"Madison, IN","Madison, IN",,33000,14389,360.652,2.36,38.783604,-85.44009
31540,"Madison, WI","Madison, WI",357,674506,299539,3308.781,77.311,43.083846,-89.597745
31580,"Madisonville, KY","Madisonville, KY",,45432,20942,542.084,12.331,37.31107,-87.542196
31620,"Magnolia, AR","Magnolia, AR",,22947,11075,766.065,0.767,33.223038,-93.232843
31660,"Malone, NY","Malone, NY",,47996,25330,1629.296,68.194,44.594376,-74.31067
31680,"Malvern, AR","Malvern, AR",284,33096,14227,614.944,7.23,34.315177,-92.944147
31700,"Manchester-Nashua, NH","Manchester, NH",148,420504,174456,876.526,15.954,42.911532,-71.723055
31740,"Manhattan, KS","Manhattan, KS",,134198,56178,1835.085,53.205,39.268424,-96.562242
31820,"Manitowoc, WI","Manitowoc, WI",,81103,37741,589.306,904.77,44.156137,-87.577352
31860,"Mankato, MN","Mankato, MN",359,102870,42308,1196.441,36.092,44.15481,-94.147801
31900,"Mansfield, OH","Mansfield, OH",360,124504,54558,495.227,4.849,40.774159,-82.542781
31930,"Marietta, OH","Marietta, OH",425,59942,28010,631.974,8.025,39.450676,-81.490636
31940,"Marinette, WI-MI","Marinette, WI",361,65197,42656,2443.507,444.664,45.435279,-87.769216
31980,"Marion, IN","Marion, IN",,66802,29877,414.089,0.812,40.515758,-85.654946
32000,"Marion, NC","Marion, NC",120,44527,21223,439.954,5.397,35.682271,-82.048044
32020,"Marion, OH","Marion, OH",198,65515,27428,403.806,0.351,40.588034,-83.168803
32100,"Marquette, MI","Marquette, MI",,66380,33626,1809.051,1615.968,46.656596,-87.584028
32140,"Marshall, MN","Marshall, MN",,25477,11138,714.411,7.257,44.409195,-95.847268
32180,"Marshall, MO","Marshall, MO",,23278,9875,755.51,11.406,39.13584,-93.204164
32260,"Marshalltown, IA","Marshalltown, IA",,40137,16740,572.503,0.696,42.0417,-92.981403
32280,"Martin, TN","Martin, TN",362,32948,15015,580.353,1.431,36.303596,-88.721194
32300,"Martinsville, VA","Martinsville, VA",,64553,32610,393.307,2.087,36.682503,-79.872564
32340,"Maryville, MO","Maryville, MO",,21571,9468,876.964,0.912,40.361136,-94.883146
32380,"Mason City, IA","Mason City, IA",,50635,26071,968.423,8.637,43.213732,-93.274339
32420,"Mayagüez, PR","Mayagüez, PR",364,98768,52309,135.379,196.558,18.08385,-67.886337
32460,"Mayfield, KY","Mayfield, KY",424,36796,16520,551.754,5.034,36.723344,-88.649897
32500,"Maysville, KY","Maysville, KY",178,17103,8174,240.126,6.284,38.594137,-83.828125
32540,"McAlester, OK","McAlester, OK",,43836,22167,1305.522,72.362,34.92554,-95.74813
32580,"McAllen-Edinburg-Mission, TX","McAllen, TX",365,865677,290393,1570.957,11.869,26.396384,-98.18099
32620,"McComb, MS","McComb, MS",,40262,18882,409.185,1.509,31.177516,-90.397725
32660,"McMinnville, TN","McMinnville, TN",,40801,18058,432.673,1.361,35.67825,-85.777343
32700,"McPherson, KS","McPherson, KS",,30059,13045,898.285,2.318,38.395812,-97.647489
32740,"Meadville, PA","Meadville, PA",240,84495,42365,1012.355,25.247,41.687876,-80.107795
32780,"Medford, OR","Medford, OR",366,221662,95599,2783.252,18.06,42.411621,-122.675611
32820,"Memphis, TN-MS-AR","Memphis, TN",368,1335291,565117,4575.23,116.598,35.024419,-89.871971
32860,"Menomonie, WI","Menomonie, WI",232,45254,18639,850.159,13.735,44.947751,-91.897645
32900,"Merced, CA","Merced, CA",488,279150,86767,1938.004,40.648,37.194806,-120.722802
32940,"Meridian, MS","Meridian, MS",,98645,45285,2161.433,14.281,32.410674,-88.661926
33020,"Mexico, MO","Mexico, MO",190,25223,10573,692.25,4.573,39.214481,-91.843418
33060,"Miami, OK","Miami, OK",309,30568,13754,470.817,13.789,36.835764,-94.802681
33100,"Miami-Fort Lauderdale-Pompano Beach, FL","Miami, FL",370,6105897,2622833,5067.049,1013.901,26.101828,-80.478755
33140,"Michigan City-La Porte, IN","Michigan City, IN",176,112184,49656,598.287,14.973,41.549013,-86.744739
33180,"Middlesborough, KY","Middlesborough, KY",,24674,11705,359.075,2.042,36.728928,-83.680718
33220,"Midland, MI","Midland, MI",474,83467,36837,517.45,10.619,43.648203,-84.379414
33260,"Midland, TX","Midland, TX",372,172177,70771,1815.313,2.388,32.092359,-101.994539
33300,"Milledgeville, GA","Milledgeville, GA",,52528,24969,729.765,16.327,33.198527,-83.091149
33340,"Milwaukee-Waukesha, WI","Milwaukee, WI",376,1571784,691020,1454.865,1867.044,42.912643,-87.862312
33380,"Minden, LA","Minden, LA",508,37356,18339,593.29,21.63,32.732152,-93.339825
33420,"Mineral Wells, TX","Mineral Wells, TX",206,28303,15102,952.549,32.959,32.752204,-98.317967
33460,"Minneapolis-St. Paul-Bloomington, MN-WI","Minneapolis, MN",378,3659156,1489532,7047.688,472.326,45.096664,-93.275361
33500,"Minot, ND","Minot, ND",,77434,36354,4764.214,96.227,48.320242,-101.19801
33540,"Missoula, MT","Missoula, MT",,117379,54194,2593.009,24.937,47.027263,-113.892691
33580,"Mitchell, SD","Mitchell, SD",,23373,10731,870.216,2.088,43.675038,-97.966937
33620,"Moberly, MO","Moberly, MO",190,24880,10765,482.712,5.117,39.439249,-92.492959
33660,"Mobile, AL","Mobile, AL",380,430194,192011,2309.577,423.041,30.971509,-88.20787
33700,"Modesto, CA","Modesto, CA",488,550842,182606,1496.017,17.897,37.562316,-121.002831
33740,"Monroe, LA","Monroe, LA",384,207351,92130,2282.199,60.952,32.734255,-92.09955
33780,"Monroe, MI","Monroe, MI",220,154068,65498,549.353,130.581,41.916097,-83.487106
33860,"Montgomery, AL","Montgomery, AL",388,384791,170567,2714.411,71.981,32.365631,-86.404585
33940,"Montrose, CO","Montrose, CO",,47178,22010,2781.618,3.44,38.342548,-108.162237
33980,"Morehead City, NC","Morehead City, NC",404,67944,50642,507.604,822.808,34.858343,-76.53586
34020,"Morgan City, LA","Morgan City, LA",318,49818,22561,555.843,563.881,29.629349,-91.463804
34060,"Morgantown, WV","Morgantown, WV",390,139961,64315,1008.906,8.363,39.525155,-79.801912
34100,"Morristown, TN","Morristown, TN",315,141919,63607,716.848,75.711,36.168802,-83.422614
34140,"Moscow, ID","Moscow, ID",446,39464,17122,1075.867,0.915,46.81892,-116.730974
34180,"Moses Lake, WA","Moses Lake, WA",393,97874,38306,2679.55,111.897,47.213633,-119.467788
34220,"Moultrie, GA","Moultrie, GA",,45800,19039,547.035,9.605,31.189707,-83.769773
34260,"Mountain Home, AR","Mountain Home, AR",,41476,22689,553.926,32.783,36.280268,-92.329949
34300,"Mountain Home, ID","Mountain Home, ID",147,28396,12098,3075.079,26.383,43.394698,-115.471205
34340,"Mount Airy, NC","Mount Airy, NC",268,71439,33486,532.645,4.012,36.415416,-80.686463
34350,"Mount Gay-Shamrock, WV","Mount Gay, WV",170,32786,14984,453.717,1.833,37.830591,-81.940853
34380,"Mount Pleasant, MI","Mount Pleasant, MI",394,65623,28550,572.7,4.998,43.645233,-84.839424
34420,"Mount Pleasant, TX","Mount Pleasant, TX",,43825,17784,601.911,26.966,33.137799,-94.971002
34460,"Mount Sterling, KY","Mount Sterling, KY",336,46913,20883,679.733,9.044,38.039616,-83.747734
34500,"Mount Vernon, IL","Mount Vernon, IL",,37362,16657,571.234,12.568,38.30078,-88.92421
34540,"Mount Vernon, OH","Mount Vernon, OH",198,62399,25761,525.499,4.139,40.40362,-82.422393
34580,"Mount Vernon-Anacortes, WA","Mount Vernon, WA",500,128228,55285,1730.254,186.781,48.493292,-121.81577
34620,"Muncie, IN","Muncie, IN",294,112480,51683,392.101,3.808,40.227543,-85.399262
34660,"Murray, KY","Murray, KY",,37291,17980,385.031,25.666,36.620978,-88.274086
34700,"Muscatine, IA","Muscatine, IA",209,43145,18321,437.44,11.684,41.483776,-91.118699
34740,"Muskegon, MI","Muskegon, MI",266,175633,74447,503.914,956.11,43.428739,-86.420908
34780,"Muskogee, OK","Muskogee, OK",538,66881,29500,810.624,29.39,35.617551,-95.383911
34820,"Myrtle Beach-Conway-North Myrtle Beach, SC-NC","Myrtle Beach, SC",396,478654,289848,1983.394,320.874,33.969095,-78.612724
34860,"Nacogdoches, TX","Nacogdoches, TX",,64822,28787,946.324,34.645,31.62056,-94.62025
34900,"Napa, CA","Napa, CA",488,138795,55446,748.279,40.256,38.5071,-122.325904
34940,"Naples-Marco Island, FL","Naples, FL",163,372797,225093,1996.85,608.19,26.118786,-81.400955
34980,"Nashville-Davidson--Murfreesboro--Franklin, TN","Nashville, TN",400,1960999,814134,5689.446,76.094,36.118182,-86.64412
35020,"Natchez, MS-LA","Natchez, MS",,48916,23879,1159.397,75.52,31.481833,-91.525331
35060,"Natchitoches, LA","Natchitoches, LA",,37896,18559,1253.323,46.229,31.732509,-93.082546
35100,"New Bern, NC","New Bern, NC",404,123024,58661,1514.456,294.15,35.116829,-77.08132
35140,"Newberry, SC","Newberry, SC",192,37842,18208,630.293,16.993,34.289881,-81.599676
35220,"New Castle, IN","New Castle, IN",294,48857,20962,391.877,2.954,39.929591,-85.397363
35260,"New Castle, PA","New Castle, PA",430,86311,39692,357.365,4.419,40.992735,-80.334446
35300,"New Haven-Milford, CT","New Haven, CT",408,864751,368720,604.305,257.763,41.349718,-72.900203
35380,"New Orleans-Metairie, LA","New Orleans, LA",406,1269037,569281,3203.498,4666.199,30.05342,-89.934502
35420,"New Philadelphia-Dover, OH","New Philadelphia, OH",184,93025,40747,567.406,4.001,40.447439,-81.471166
35440,"Newport, OR","Newport, OR",,49866,31862,980.983,213.571,44.641061,-123.911212
35460,"Newport, TN","Newport, TN",315,35896,17784,436.135,6.924,35.916198,-83.119224
35580,"New Ulm, MN","New Ulm, MN",359,25894,11743,611.109,7.156,44.246541,-94.733647
35620,"New York-Newark-Jersey City, NY-NJ-PA","New York, NY",408,20011812,7931425,6684.359,2527.835,40.77493,-73.873758
35660,"Niles, MI","Niles, MI",515,154263,76829,567.781,1013.691,41.791382,-86.742543
35700,"Nogales, AZ","Nogales, AZ",536,47463,18677,1236.242,1.185,31.525733,-110.845228
35740,"Norfolk, NE","Norfolk, NE",,48696,20723,1573.479,7.567,42.04313,-97.487952
35820,"North Platte, NE","North Platte, NE",,36246,17192,3994.094,12.479,41.230781,-100.783339
35840,"North Port-Sarasota-Bradenton, FL","North Port, FL",412,824160,452368,1298.768,640.815,27.329055,-82.414533
35860,"North Vernon, IN","North Vernon, IN",294,27619,11650,376.597,1.748,38.996229,-85.628103
35900,"North Wilkesboro, NC","North Wilkesboro, NC",,66335,31783,753.679,2.646,36.208883,-81.166095
35940,"Norwalk, OH","Norwalk, OH",184,58583,25459,492.243,3.332,41.14508,-82.594641
35980,"Norwich-New London, CT","Norwich, CT",278,269131,122664,665.065,106.897,41.472652,-72.108634
36020,"Oak Harbor, WA","Oak Harbor, WA",500,85938,41783,208.474,308.851,48.158554,-122.670649
36100,"Ocala, FL","Ocala, FL",,370372,175486,1588.422,74.24,29.202805,-82.0431
36140,"Ocean City, NJ","Ocean City, NJ",428,95488,99567,251.522,368.785,39.085841,-74.846354
36220,"Odessa, TX","Odessa, TX",372,161258,64563,897.858,3.96,31.865301,-102.542507
36260,"Ogden-Clearfield, UT","Ogden, UT",482,687274,231522,7230.106,1405.081,41.622623,-113.060252
36300,"Ogdensburg-Massena, NY","Ogdensburg, NY",,108836,51757,2679.395,141.779,44.488112,-75.074311
36340,"Oil City, PA","Oil City, PA",,50810,26318,674.265,8.552,41.400714,-79.765813
36380,"Okeechobee, FL","Okeechobee, FL",,39716,18465,769.164,122.751,27.385592,-80.887388
36420,"Oklahoma City, OK","Oklahoma City, OK",416,1412874,601520,5511.722,69.94,35.430968,-97.506966
36460,"Olean, NY","Olean, NY",160,77211,40309,1308.163,14.202,42.239099,-78.662332
36500,"Olympia-Lacey-Tumwater, WA","Olympia, WA",500,290642,120086,722.496,51.594,46.935822,-122.830152
36540,"Omaha-Council Bluffs, NE-IA","Omaha, NE",420,959306,397664,4346.314,60.882,41.290459,-95.99997
36580,"Oneonta, NY","Oneonta, NY",,58952,30014,1001.737,14.021,42.629776,-75.028841
36620,"Ontario, OR-ID","Ontario, OR",147,56241,21297,10294.604,45.51,43.225869,-117.619933
36660,"Opelousas, LA","Opelousas, LA",318,82999,36702,924.029,15.063,30.583441,-91.989274
36700,"Orangeburg, SC","Orangeburg, SC",192,84909,41384,1106.375,21.509,33.436135,-80.802913
36740,"Orlando-Kissimmee-Sanford, FL","Orlando, FL",422,2632721,1071445,3491.564,519.95,28.434396,-81.356084
36780,"Oshkosh-Neenah, WI","Oshkosh, WI",118,171304,75914,434.697,143.874,44.085707,-88.668149
36820,"Oskaloosa, IA","Oskaloosa, IA",218,22132,9701,570.851,2.546,41.330797,-92.636366
36830,"Othello, WA","Othello, WA",393,20353,6696,1924.989,4.813,47.011238,-118.512861
36837,"Ottawa, IL","Ottawa, IL",176,148962,68509,2164.332,29.509,41.356488,-89.173385
36840,"Ottawa, KS","Ottawa, KS",312,25953,11138,571.772,5.364,38.558019,-95.278962
36900,"Ottumwa, IA","Ottumwa, IA",,35343,15785,431.842,4.179,41.031275,-92.409466
36940,"Owatonna, MN","Owatonna, MN",378,37363,15663,429.645,2.694,44.015261,-93.220453
36980,"Owensboro, KY","Owensboro, KY",,120720,51766,898.591,33.038,37.693723,-87.077058
37060,"Oxford, MS","Oxford, MS",,55727,27736,631.697,47.531,34.353078,-89.485385
37100,"Oxnard-Thousand Oaks-Ventura, CA","Oxnard, CA",348,845255,292220,1840.789,365.772,34.358748,-119.133145
37120,"Ozark, AL","Ozark, AL",222,49443,22790,561.113,1.564,31.430654,-85.609476
37140,"Paducah, KY-IL","Paducah, KY",424,98477,47216,1046.071,80.089,37.134181,-88.656668
37220,"Pahrump, NV","Pahrump, NV",332,50096,24793,18181.914,16.683,37.965864,-116.459011
37260,"Palatka, FL","Palatka, FL",300,73147,36133,728.364,98.557,29.593896,-81.732039
37300,"Palestine, TX","Palestine, TX",,58133,20125,1062.617,15.384,31.841261,-95.661727
37340,"Palm Bay-Melbourne-Titusville, FL","Palm Bay, FL",,601573,286497,1014.972,542.064,28.298311,-80.700333
37420,"Pampa, TX","Pampa, TX",108,22122,10407,1850.032,3.493,35.617393,-100.810553
37460,"Panama City, FL","Panama City, FL",,181384,102883,758.642,708.079,30.15914,-85.534395
37500,"Paragould, AR","Paragould, AR",308,45665,19068,577.34,2.036,36.120607,-90.566346
37540,"Paris, TN","Paris, TN",,32298,16945,561.902,31.499,36.325295,-88.300288
37580,"Paris, TX","Paris, TX",,49932,22641,907.331,25.772,33.667263,-95.570348
37620,"Parkersburg-Vienna, WV","Parkersburg, WV",425,89942,43086,599.011,12.521,39.141531,-81.460402
37660,"Parsons, KS","Parsons, KS",,20222,9580,645.393,7.724,37.191468,-95.297473
37740,"Payson, AZ","Payson, AZ",429,53211,32452,4757.578,37.245,33.789618,-110.81187
37770,"Pearsall, TX","Pearsall, TX",484,18428,6283,1133.501,0.847,28.869383,-99.109005
37780,"Pecos, TX","Pecos, TX",,14667,5043,3304.171,14.432,31.42675,-103.666001
37800,"Pella, IA","Pella, IA",218,33381,14068,554.49,16.017,41.331433,-93.093868
37860,"Pensacola-Ferry Pass-Brent, FL","Pensacola, FL",426,503173,219576,1669.395,678.484,30.608557,-87.158547
37900,"Peoria, IL","Peoria, IL",,404226,183504,3333.332,67.355,40.708887,-89.697466
37940,"Peru, IN","Peru, IN",316,36100,14921,373.842,3.546,40.772883,-86.044258
37980,"Philadelphia-Camden-Wilmington, PA-NJ-DE-MD","Philadelphia, PA",428,6215222,2571175,4603.205,267.158,39.894958,-75.311982
38060,"Phoenix-Mesa-Chandler, AZ","Phoenix, AZ",429,4787811,1965632,14568.668,32.016,33.185765,-112.067862
38100,"Picayune, MS","Picayune, MS",406,55972,24635,811.319,8.024,30.774793,-89.586904
38180,"Pierre, SD","Pierre, SD",,20792,9395,2185.959,131.934,44.404897,-100.484817
38220,"Pine Bluff, AR","Pine Bluff, AR",340,88923,38985,2029.742,54.953,34.081204,-91.945765
38240,"Pinehurst-Southern Pines, NC","Pinehurst, NC",246,98618,47876,697.68,7.997,35.308272,-79.492725
38260,"Pittsburg, KS","Pittsburg, KS",,39018,17994,589.771,5.241,37.505821,-94.853897
38300,"Pittsburgh, PA","Pittsburgh, PA",430,2366544,1123543,5282.937,60.488,40.439525,-79.836097
38340,"Pittsfield, MA","Pittsfield, MA",,129089,69575,926.874,19.579,42.371493,-73.217928
38380,"Plainview, TX","Plainview, TX",352,32879,13403,1004.68,0.095,34.068436,-101.822888
38420,"Platteville, WI","Platteville, WI",,52210,22084,1146.879,36.495,42.870028,-90.694229
38460,"Plattsburgh, NY","Plattsburgh, NY",,80095,37191,1037.751,79.762,44.752712,-73.705643
38500,"Plymouth, IN","Plymouth, IN",515,46175,19736,443.62,6.123,41.325003,-86.269036
38540,"Pocatello, ID","Pocatello, ID",,94216,37668,2516.316,73.854,42.689761,-112.57753
38580,"Point Pleasant, WV-OH","Point Pleasant, WV",170,55036,25747,897.297,18.615,38.798396,-82.180553
38620,"Ponca City, OK","Ponca City, OK",,44019,21051,919.597,25.32,36.814885,-97.143862
38660,"Ponce, PR","Ponce, PR",434,226358,101040,277.543,127.317,18.042236,-66.589081
38700,"Pontiac, IL","Pontiac, IL",145,35902,15925,1043.628,2.307,40.894376,-88.552852
38740,"Poplar Bluff, MO","Poplar Bluff, MO",,53346,24684,1324.272,6.427,36.68765,-90.62285
38780,"Portales, NM","Portales, NM",188,19223,8475,2446.051,7.212,34.021207,-103.483004
38820,"Port Angeles, WA","Port Angeles, WA",,76727,37681,1738.777,930.24,48.110903,-123.88986
38860,"Portland-South Portland, ME","Portland, ME",438,547792,278610,2081.382,775.822,43.651417,-70.418375
38900,"Portland-Vancouver-Hillsboro, OR-WA","Portland, OR",440,2493429,1021756,6687.469,136.878,45.600622,-122.484378
38920,"Port Lavaca, TX","Port Lavaca, TX",544,20367,10703,506.937,525.729,28.441719,-96.579574
38940,"Port St. Lucie, FL","Port St. Lucie, FL",370,482922,227146,1115.483,325.483,27.228046,-80.425388
39020,"Portsmouth, OH","Portsmouth, OH",170,74392,33324,610.145,6.216,38.814889,-82.998675
39060,"Pottsville, PA","Pottsville, PA",,143308,67417,778.579,4.178,40.703682,-76.217788
39100,"Poughkeepsie-Newburgh-Middletown, NY","Poughkeepsie, NY",408,694289,267621,1607.678,55.933,41.575274,-74.033873
39150,"Prescott Valley-Prescott, AZ","Prescott Valley, AZ",,233789,119753,8122.933,4.385,34.631071,-112.577225
39220,"Price, UT","Price, UT",,20208,9597,1479.184,6.118,39.673284,-110.588484
39260,"Prineville, OR","Prineville, OR",140,24300,10970,2978.929,8.11,44.163054,-120.371585
39300,"Providence-Warwick, RI-MA","Providence, RI",148,1668019,723480,1587.002,649.093,41.70684,-71.286687
39340,"Provo-Orem, UT","Provo, UT",482,659913,191340,5395.759,154.252,39.872067,-112.359059
39380,"Pueblo, CO","Pueblo, CO",444,167453,71821,2386.591,11.174,38.162765,-104.484668
39420,"Pullman, WA","Pullman, WA",446,48197,20732,2159.262,18.628,46.905944,-117.53539
39460,"Punta Gorda, FL","Punta Gorda, FL",412,184837,108667,681.119,266.117,26.906396,-82.003657
39500,"Quincy, IL-MO","Quincy, IL",448,75909,34566,1360.166,21.9,40.027165,-91.389838
39540,"Racine, WI","Racine, WI",376,197379,84183,332.642,459.501,42.780392,-87.771599
39580,"Raleigh-Cary, NC","Raleigh, NC",450,1391801,565882,2118.433,28.796,35.756746,-78.460441
39660,"Rapid City, SD","Rapid City, SD",452,138268,61278,6247.699,19.563,44.314673,-102.785719
39700,"Raymondville, TX","Raymondville, TX",154,20423,6828,590.602,194.165,26.481861,-97.594731
39740,"Reading, PA","Reading, PA",428,426967,170123,856.403,9.351,40.413957,-75.92686
39780,"Red Bluff, CA","Red Bluff, CA",454,65345,27347,2949.137,13.038,40.126157,-122.232274
39820,"Redding, CA","Redding, CA",454,181935,79490,3775.566,71.83,40.760514,-122.043556
39860,"Red Wing, MN","Red Wing, MN",378,47503,20796,756.704,22.848,44.406178,-92.716
39900,"Reno, NV","Reno, NV",456,483805,205826,6579.655,225.723,40.500795,-119.731161
39940,"Rexburg, ID","Rexburg, ID",292,64349,22427,2333.227,36.271,44.142753,-111.508107
39980,"Richmond, IN","Richmond, IN",458,66588,30798,401.754,2.588,39.863091,-85.006735
40060,"Richmond, VA","Richmond, VA",,1303212,545878,4364.369,127.742,37.411324,-77.441816
40080,"Richmond-Berea, KY","Richmond, KY",336,106351,45714,690.45,8.419,37.717206,-84.168436
40100,"Rio Grande City-Roma, TX","Rio Grande City, TX",365,65568,22551,1223.179,5.925,26.530903,-98.740235
40140,"Riverside-San Bernardino-Ontario, CA","Riverside, CA",348,4580402,1573099,27277.366,131.038,34.538476,-116.134541
40180,"Riverton, WY","Riverton, WY",,39434,17481,9183.59,82.15,43.054831,-108.608935
40220,"Roanoke, VA","Roanoke, VA",,314501,147459,1867.568,27.883,37.286226,-79.946935
40260,"Roanoke Rapids, NC","Roanoke Rapids, NC",468,67208,35549,1260.439,20.384,36.320576,-77.542757
40300,"Rochelle, IL","Rochelle, IL",466,51787,22637,758.654,4.78,42.041884,-89.320176
40340,"Rochester, MN","Rochester, MN",462,224330,96236,2477.05,28.941,43.94981,-92.33066
40380,"Rochester, NY","Rochester, NY",464,1088373,487610,3266.018,1979.752,43.148038,-77.523257
40420,"Rockford, IL","Rockford, IL",466,339063,145249,793.79,7.427,42.331183,-89.042914
40460,"Rockingham, NC","Rockingham, NC",,43301,19767,473.689,6.014,35.004636,-79.755695
40530,"Rockport, TX","Rockport, TX",204,24149,15542,252.069,275.885,28.122621,-96.967501
40540,"Rock Springs, WY","Rock Springs, WY",,42459,19174,10426.98,64.182,41.660328,-108.875677
40580,"Rocky Mount, NC","Rocky Mount, NC",468,144237,66410,1045.88,3.815,35.941045,-77.798549
40620,"Rolla, MO","Rolla, MO",,44692,20161,671.787,2.536,37.866326,-91.790349
40660,"Rome, GA","Rome, GA",122,98210,40470,509.811,8.654,34.263692,-85.213685
40700,"Roseburg, OR","Roseburg, OR",,110680,49693,5035.699,97.259,43.286328,-123.154476
40740,"Roswell, NM","Roswell, NM",,65014,26711,6067.177,7.904,33.361604,-104.469837
40760,"Ruidoso, NM","Ruidoso, NM",,20084,17654,4831.115,0.214,33.740841,-105.449805
40780,"Russellville, AR","Russellville, AR",,83723,36130,1741.338,37.748,35.199586,-93.252763
40820,"Ruston, LA","Ruston, LA",384,48415,20297,471.636,0.733,32.601823,-92.662303
40860,"Rutland, VT","Rutland, VT",,60662,33906,930.55,14.966,43.612399,-73.060304
40900,"Sacramento-Roseville-Folsom, CA","Sacramento, CA",472,2379368,926876,5094.943,211.582,38.790272,-121.005643
40940,"Safford, AZ","Safford, AZ",,38145,13622,4621.877,18.331,32.931828,-109.87831
40980,"Saginaw, MI","Saginaw, MI",474,190540,86095,800.797,15.169,43.328267,-84.05541
41060,"St. Cloud, MN","St. Cloud, MN",378,198725,82540,1751.125,51.94,45.593031,-94.488363
41100,"St. George, UT","St. George, UT",,176533,72586,2427.439,3.005,37.262531,-113.4878
41140,"St. Joseph, MO-KS","St. Joseph, MO",312,122756,53513,1655.718,19.925,39.834843,-94.783754
41180,"St. Louis, MO-IL","St. Louis, MO",476,2815627,1256861,7863.547,218.374,38.740211,-90.345825
41220,"St. Marys, GA","St. Marys, GA",300,54256,22393,630.359,151.548,30.913358,-81.642019
41260,"St. Marys, PA","St. Marys, PA",,31037,16952,826.901,4.939,41.427332,-78.653937
41400,"Salem, OH","Salem, OH",566,102331,46175,531.917,2.81,40.770073,-80.778455
41420,"Salem, OR","Salem, OR",440,430384,161149,1922.021,13.399,44.903385,-122.901757
41460,"Salina, KS","Salina, KS",,60156,26769,1440.977,1.671,38.96457,-97.663387
41500,"Salinas, CA","Salinas, CA",,438953,143094,3281.723,489.498,36.240104,-121.315578
41540,"Salisbury, MD-DE","Salisbury, MD",480,414424,251404,2098.737,803.106,38.399521,-75.478262
41620,"Salt Lake City, UT","Salt Lake City, UT",482,1244671,443908,7684.016,407.712,40.572887,-112.953253
41660,"San Angelo, TX","San Angelo, TX",,121994,52431,3496.995,18.695,31.479839,-100.77459
41700,"San Antonio-New Braunfels, TX","San Antonio, TX",484,2529453,994784,7313.189,57.67,29.43306,-98.606973
41740,"San Diego-Chula Vista-Carlsbad, CA","San Diego, CA",,3296317,1221613,4210.257,315.545,33.023604,-116.776117
41760,"Sandpoint, ID","Sandpoint, ID",,46481,26116,1733.22,184.912,48.316796,-116.612362
41780,"Sandusky, OH","Sandusky, OH",184,75560,38225,251.288,374.496,41.394143,-82.586835
41820,"Sanford, NC","Sanford, NC",246,62676,26291,255.062,4.141,35.476336,-79.172117
41860,"San Francisco-Oakland-Berkeley, CA","San Francisco, CA",488,4725584,1837144,2470.349,955.808,37.773718,-122.274432
41900,"San Germán, PR","San Germán, PR",364,125701,67481,221.133,148.241,18.033069,-67.103961
41940,"San Jose-Sunnyvale-Santa Clara, CA","San Jose, CA",488,1995351,703471,2679.736,14.794,36.908472,-121.371372
41980,"San Juan-Bayamón-Caguas, PR","San Juan, PR",490,2096657,971431,1438.214,562.934,18.294453,-66.036844
42020,"San Luis Obispo-Paso Robles, CA","San Luis Obispo, CA",,282771,123033,3300.856,314.91,35.388189,-120.448897
42100,"Santa Cruz-Watsonville, CA","Santa Cruz, CA",488,272138,106110,445.108,162.053,37.012347,-122.007789
42140,"Santa Fe, NM","Santa Fe, NM",106,153632,75798,1910.38,1.02,35.514531,-105.963972
42180,"Santa Isabel, PR","Santa Isabel, PR",434,20530,9135,34.047,42.897,17.952922,-66.387588
42200,"Santa Maria-Santa Barbara, CA","Santa Maria, CA",,447651,157809,2733.936,1053.755,34.536677,-120.038364
42220,"Santa Rosa-Petaluma, CA","Santa Rosa, CA",488,492498,205136,1575.631,192.31,38.525182,-122.92611
42300,"Sault Ste. Marie, MI","Sault Ste. Marie, MI",,37091,20386,1558.507,1139.962,46.321819,-84.52063
42340,"Savannah, GA","Savannah, GA",496,401541,172532,1349.517,217.817,32.109153,-81.273107
42380,"Sayre, PA","Sayre, PA",,60233,29495,1147.376,13.641,41.791504,-76.502123
42420,"Scottsbluff, NE","Scottsbluff, NE",,37915,17564,3552.369,6.741,42.163326,-103.734473
42460,"Scottsboro, AL","Scottsboro, AL",497,52548,24666,1078.015,48.778,34.764114,-85.980056
42500,"Scottsburg, IN","Scottsburg, IN",350,24290,10688,190.403,2.346,38.679431,-85.751898
42540,"Scranton--Wilkes-Barre, PA","Scranton, PA",,566743,263279,1746.013,30.136,41.322881,-75.898188
42620,"Searcy, AR","Searcy, AR",340,77075,33324,1034.079,7.936,35.255118,-91.753034
42660,"Seattle-Tacoma-Bellevue, WA","Seattle, WA",500,3971125,1631697,5870.067,438.598,47.490552,-121.833977
42680,"Sebastian-Vero Beach, FL","Sebastian, FL",370,158002,82555,502.81,114.097,27.700528,-80.574789
42700,"Sebring-Avon Park, FL","Sebring, FL",,101174,57206,1017.66,89.061,27.34108,-81.342353
42740,"Sedalia, MO","Sedalia, MO",,42919,18529,682.236,4.043,38.727367,-93.285207
42780,"Selinsgrove, PA","Selinsgrove, PA",146,39877,16024,328.784,2.764,40.755407,-77.072929
42820,"Selma, AL","Selma, AL",388,39162,19037,978.738,15.106,32.333526,-87.11436
42860,"Seneca, SC","Seneca, SC",273,77932,40531,626.556,47.002,34.748766,-83.06154
42900,"Seneca Falls, NY","Seneca Falls, NY",464,33900,16132,323.698,66.726,42.782294,-76.827088
42940,"Sevierville, TN","Sevierville, TN",315,98088,55864,592.489,5.208,35.787822,-83.5249
42980,"Seymour, IN","Seymour, IN",294,45948,19027,509.978,3.928,38.911957,-86.042516
43020,"Shawano, WI","Shawano, WI",267,45154,22546,1250.84,23.516,44.851643,-88.745543
43060,"Shawnee, OK","Shawnee, OK",416,72331,29949,787.793,5.732,35.211391,-96.957004
43100,"Sheboygan, WI","Sheboygan, WI",,117528,52158,511.528,759.713,43.741232,-87.731516
43140,"Shelby, NC","Shelby, NC",172,98898,43593,464.249,3.93,35.33463,-81.557114
43180,"Shelbyville, TN","Shelbyville, TN",400,49754,19510,473.639,1.151,35.51366,-86.458294
43220,"Shelton, WA","Shelton, WA",500,64964,33219,959.548,91.495,47.350832,-123.173103
43260,"Sheridan, WY","Sheridan, WY",,30812,14817,2523.361,3.084,44.781369,-106.881211
43300,"Sherman-Denison, TX","Sherman, TX",206,134205,57980,932.829,46.368,33.624524,-96.675693
43320,"Show Low, AZ","Show Low, AZ",,106609,56270,9949.494,9.311,35.390785,-110.321025
43340,"Shreveport-Bossier City, LA","Shreveport, LA",508,395086,180034,2595.437,103.105,32.437682,-93.744884
43380,"Sidney, OH","Sidney, OH",212,48307,20097,407.694,3.013,40.33668,-84.204142
43420,"Sierra Vista-Douglas, AZ","Sierra Vista, AZ",,125092,58881,6209.75,6.82,31.840129,-109.775163
43460,"Sikeston, MO","Sikeston, MO",164,38161,16817,420.005,5.859,37.047793,-89.568098
43500,"Silver City, NM","Silver City, NM",,28178,14628,3961.207,5.905,32.732087,-108.381504
43580,"Sioux City, IA-NE-SD","Sioux City, IA",,148442,60111,2074.04,21.063,42.512942,-96.438949
43620,"Sioux Falls, SD","Sioux Falls, SD",,272414,114651,2575.401,10.772,43.49542,-96.995339
43660,"Snyder, TX","Snyder, TX",,16985,6928,905.445,2.099,32.744353,-100.913346
43700,"Somerset, KY","Somerset, KY",,64717,31542,658.411,18.744,37.107452,-84.576969
43740,"Somerset, PA","Somerset, PA",306,74331,37769,1075.047,6.61,39.981297,-79.028486
43760,"Sonora, CA","Sonora, CA",,55243,31413,2220.911,53.54,38.021434,-119.964733
43780,"South Bend-Mishawaka, IN-MI","South Bend, IN",515,323681,143182,947.885,21.81,41.774981,-86.123014
43900,"Spartanburg, SC","Spartanburg, SC",273,322864,135067,808.377,11.395,34.932014,-81.991624
43940,"Spearfish, SD","Spearfish, SD",452,25687,14082,800.053,0.258,44.348514,-103.806362
43980,"Spencer, IA","Spencer, IA",517,16410,8101,567.238,5.354,43.081224,-95.149875
44020,"Spirit Lake, IA","Spirit Lake, IA",517,17536,13651,380.532,23.429,43.389611,-95.196057
44060,"Spokane-Spokane Valley, WA","Spokane, WA",518,577534,244070,4241.323,79.672,48.091618,-117.663472
44100,"Springfield, IL","Springfield, IL",522,209102,98310,1182.648,9.775,39.828611,-89.696084
44140,"Springfield, MA","Springfield, MA",,699160,296706,1843.448,60.48,42.364833,-72.619406
44180,"Springfield, MO","Springfield, MO",,472164,206737,3007.001,13.712,37.36087,-93.180262
44220,"Springfield, OH","Springfield, OH",212,136032,61034,396.877,5.641,39.917032,-83.783676
44260,"Starkville, MS","Starkville, MS",,61277,29908,879.397,5.765,33.514617,-89.077508
44300,"State College, PA","State College, PA",524,158879,65398,1108.708,4.316,40.909128,-77.847877
44340,"Statesboro, GA","Statesboro, GA",496,79635,32570,675.963,12.675,32.394481,-81.741618
44420,"Staunton, VA","Staunton, VA",277,124455,54967,1001.964,3.88,38.160958,-79.127632
44460,"Steamboat Springs, CO","Steamboat Springs, CO",525,24899,16492,2362.02,6.113,40.483664,-106.987702
44500,"Stephenville, TX","Stephenville, TX",,42288,18134,1083.179,6.628,32.236669,-98.220545
44540,"Sterling, CO","Sterling, CO",,21765,8704,1838.598,6.318,40.728091,-103.090464
44580,"Sterling, IL","Sterling, IL",221,55932,25872,684.099,12.31,41.750673,-89.911005
44620,"Stevens Point, WI","Stevens Point, WI",554,70378,31072,800.874,21.944,44.476246,-89.49807
44660,"Stillwater, OK","Stillwater, OK",,81817,36609,684.901,12.352,36.079225,-96.975255
44700,"Stockton, CA","Stockton, CA",488,771406,249018,1392.37,34.374,37.934982,-121.272244
44740,"Storm Lake, IA","Storm Lake, IA",,20723,8173,574.899,5.327,42.741522,-95.141432
44780,"Sturgis, MI","Sturgis, MI",310,60828,27163,500.639,20.387,41.911488,-85.52287
44860,"Sulphur Springs, TX","Sulphur Springs, TX",,36666,15632,767.431,25.341,33.148967,-95.565434
44900,"Summerville, GA","Summerville, GA",174,24898,10850,313.327,0.22,34.474178,-85.345289
44940,"Sumter, SC","Sumter, SC",,137150,62866,1272.285,105.461,33.792654,-80.294055
44980,"Sunbury, PA","Sunbury, PA",146,91853,43508,457.664,19.566,40.851524,-76.709877
45000,"Susanville, CA","Susanville, CA",,32949,12273,4541.369,178.746,40.715287,-120.621223
45020,"Sweetwater, TX","Sweetwater, TX",,14727,7124,911.997,1.951,32.312338,-100.418108
45060,"Syracuse, NY","Syracuse, NY",532,661106,296026,2384.842,394.087,43.006516,-76.196134
45140,"Tahlequah, OK","Tahlequah, OK",,47307,21991,749.127,26.896,35.904367,-94.996796
45180,"Talladega-Sylacauga, AL","Talladega, AL",142,81850,37905,736.817,23.504,33.369314,-86.17593
45220,"Tallahassee, FL","Tallahassee, FL",,382747,171329,2389.303,430.527,30.346366,-84.267001
45300,"Tampa-St. Petersburg-Clearwater, FL","Tampa, FL",,3146074,1452623,2515.705,1408.945,28.120541,-82.525188
45340,"Taos, NM","Taos, NM",,34322,20857,2202.373,1.306,36.577183,-105.638878
45380,"Taylorville, IL","Taylorville, IL",522,34038,15242,709.49,6.265,39.545524,-89.279593
45460,"Terre Haute, IN","Terre Haute, IN",,185527,82300,1909.979,24.815,39.478393,-87.311131
45500,"Texarkana, TX-AR","Texarkana, TX",,147936,65342,2040.234,84.305,33.478373,-94.207162
45520,"The Dalles, OR","The Dalles, OR",,26603,11959,2381.136,13.793,45.164536,-121.165069
45540,"The Villages, FL","The Villages, FL",422,127335,73998,557.137,22.688,28.715444,-82.069952
45580,"Thomaston, GA","Thomaston, GA",122,27424,12300,323.467,4.087,32.881837,-84.292283
45620,"Thomasville, GA","Thomasville, GA",,45669,20666,544.633,7.585,30.864619,-83.919815
45660,"Tiffin, OH","Tiffin, OH",534,55166,23946,551.026,1.767,41.119992,-83.127547
45700,"Tifton, GA","Tifton, GA",,41148,17239,260.89,7.899,31.457003,-83.525931
45740,"Toccoa, GA","Toccoa, GA",122,26641,12363,178.864,5.033,34.553582,-83.290588
45780,"Toledo, OH","Toledo, OH",534,646330,303130,1616.976,591.684,41.555313,-83.517088
45820,"Topeka, KS","Topeka, KS",,233423,104457,3232.713,57.242,39.041389,-95.802639
45860,"Torrington, CT","Torrington, CT",408,185175,87660,920.515,24.074,41.791883,-73.235404
45900,"Traverse City, MI","Traverse City, MI",,152552,84425,1690.977,2872.655,44.952324,-85.90832
45940,"Trenton-Princeton, NJ","Trenton, NJ",408,384951,149573,224.478,4.377,40.282503,-74.703724
45980,"Troy, AL","Troy, AL",,33176,15958,672.067,0.903,31.798653,-85.941608
46020,"Truckee-Grass Valley, CA","Truckee, CA",472,102090,53442,957.76,16.036,39.297508,-120.771343
46060,"Tucson, AZ","Tucson, AZ",536,1035063,467191,9188.683,1.974,32.128038,-111.783657
46100,"Tullahoma-Manchester, TN","Tullahoma, TN",,106236,47003,1112.684,28.039,35.303085,-86.111905
46140,"Tulsa, OK","Tulsa, OK",538,1009982,435639,6270.23,189.949,36.254442,-96.177298
46180,"Tupelo, MS","Tupelo, MS",539,163409,72343,1895.559,17.287,34.340033,-88.651184
46220,"Tuscaloosa, AL","Tuscaloosa, AL",,265855,120003,3493.269,64.535,33.097877,-87.799147
46300,"Twin Falls, ID","Twin Falls, ID",,113209,42873,2519.257,11.957,42.440397,-114.568729
46340,"Tyler, TX","Tyler, TX",540,231429,96357,921.473,28.249,32.375105,-95.268939
46380,"Ukiah, CA","Ukiah, CA",,91534,41276,3506.824,371.33,39.432388,-123.442881
46420,"Union, SC","Union, SC",273,27306,13542,513.585,1.85,34.690397,-81.615896
46460,"Union City, TN","Union City, TN",362,30722,14376,544.848,10.598,36.361892,-89.148078
46500,"Urbana, OH","Urbana, OH",212,38678,16835,428.989,0.839,40.132775,-83.767604
46520,"Urban Honolulu, HI","Urban Honolulu, HI",,1015167,367126,600.625,1565.597,21.461365,-158.201974
46540,"Utica-Rome, NY","Utica, NY",,292630,137332,2623.029,91.783,43.33228,-75.173189
46620,"Uvalde, TX","Uvalde, TX",,24918,10146,1551.922,6.712,29.350308,-99.768427
46660,"Valdosta, GA","Valdosta, GA",,147256,61337,1607.368,21.516,30.827158,-83.243555
46700,"Vallejo, CA","Vallejo, CA",488,451432,161341,821.829,84.409,38.267226,-121.939594
46780,"Van Wert, OH","Van Wert, OH",338,28808,12573,409.15,1.269,40.85552,-84.585775
46820,"Vermillion, SD","Vermillion, SD",,14816,6091,412.031,5.388,42.91615,-96.980468
46860,"Vernal, UT","Vernal, UT",,35488,13643,4482.383,21.666,40.125887,-109.517748
46900,"Vernon, TX","Vernon, TX",,12887,5897,970.946,7.028,34.08492,-99.24244
46980,"Vicksburg, MS","Vicksburg, MS",298,45141,21511,588.53,30.023,32.356095,-90.852384
47020,"Victoria, TX","Victoria, TX",544,98365,42212,1734.117,14.083,28.731455,-97.196993
47080,"Vidalia, GA","Vidalia, GA",,35657,15804,605.158,10.528,32.154218,-82.411379
47180,"Vincennes, IN","Vincennes, IN",,36362,16936,515.827,8.067,38.688381,-87.420358
47220,"Vineland-Bridgeton, NJ","Vineland, NJ",428,154921,57051,483.361,194.485,39.328434,-75.121628
47240,"Vineyard Haven, MA","Vineyard Haven, MA",,20277,17529,103.202,387.759,41.38097,-70.701499
47260,"Virginia Beach-Norfolk-Newport News, VA-NC","Virginia Beach, VA",545,1791198,755841,3530.389,1323.449,36.804408,-76.449526
47300,"Visalia, CA","Visalia, CA",,470999,149859,4823.899,14.387,36.228834,-118.781055
47340,"Wabash, IN","Wabash, IN",,31120,14046,412.539,8.437,40.843747,-85.795192
47380,"Waco, TX","Waco, TX",,275105,112439,1802.15,31.964,31.427226,-97.093473
47420,"Wahpeton, ND-MN","Wahpeton, ND",244,23041,10512,2186.712,9.852,46.29395,-96.790701
47460,"Walla Walla, WA","Walla Walla, WA",313,62168,24855,1270.033,28.932,46.254606,-118.48037
47540,"Wapakoneta, OH","Wapakoneta, OH",338,46282,19844,401.388,0.517,40.561309,-84.224018
47580,"Warner Robins, GA","Warner Robins, GA",356,188999,77607,526.33,4.891,32.492806,-83.711084
47620,"Warren, PA","Warren, PA",,38791,21828,884.282,14.428,41.834298,-79.298182
47660,"Warrensburg, MO","Warrensburg, MO",312,53889,22538,829.261,3.931,38.741528,-93.811863
47700,"Warsaw, IN","Warsaw, IN",515,80151,38079,531.446,22.947,41.244293,-85.861575
47780,"Washington, IN","Washington, IN",,33281,12719,429.499,7.375,38.69609,-87.076943
47820,"Washington, NC","Washington, NC",272,44898,24292,832.736,130.112,35.482313,-76.842014
47900,"Washington-Arlington-Alexandria, DC-VA-MD-WV","Washington, DC",548,6332069,2474190,6567.704,435.566,38.798205,-77.486882
47920,"Washington Court House, OH","Washington Court House, OH",198,28897,12639,406.361,0.654,39.555246,-83.461893
47940,"Waterloo-Cedar Falls, IA","Waterloo, IA",,168595,74282,1503.091,10.883,42.536796,-92.471608
47980,"Watertown, SD","Watertown, SD",,34416,15911,1194.604,60.632,44.852409,-97.177099
48020,"Watertown-Fort Atkinson, WI","Watertown, WI",376,84808,36255,556.492,26.249,43.013804,-88.773985
48060,"Watertown-Fort Drum, NY","Watertown, NY",,117634,61339,1267.913,588.638,43.996389,-76.052968
48100,"Wauchula, FL","Wauchula, FL",422,25632,9775,637.569,0.569,27.492846,-81.82158
48140,"Wausau-Weston, WI","Wausau, WI",554,165975,75762,2423.899,59.227,45.05398,-89.757905
48180,"Waycross, GA","Waycross, GA",,55728,24238,1239.696,11.521,31.133114,-82.36865
48220,"Weatherford, OK","Weatherford, OK",,28564,12869,988.779,13.254,35.645601,-98.997386
48260,"Weirton-Steubenville, WV-OH","Weirton, WV",430,117446,56338,579.93,11.562,40.388914,-80.701966
48300,"Wenatchee, WA","Wenatchee, WA",,121130,54313,4740.422,102.784,47.76611,-120.270197
48460,"West Plains, MO","West Plains, MO",,39753,18059,927.177,1.127,36.774369,-91.887368
48500,"West Point, MS","West Point, MS",200,18768,9008,410.072,5.937,33.65967,-88.782468
48540,"Wheeling, WV-OH","Wheeling, WV",,140333,67759,943.388,19.065,39.977687,-80.854826
48580,"Whitewater, WI","Whitewater, WI",376,105945,52935,555.388,21.208,42.66811,-88.541731
48620,"Wichita, KS","Wichita, KS",556,644480,274262,4148.066,33.259,37.637896,-97.246287
48660,"Wichita Falls, TX","Wichita Falls, TX",,148271,64585,2619.641,55.567,33.776144,-98.501907
48700,"Williamsport, PA","Williamsport, PA",558,114274,52649,1228.92,15.026,41.343882,-77.055262
48780,"Williston, ND","Williston, ND",,38460,20079,2077.6,70.208,48.355765,-103.501333
48820,"Willmar, MN","Willmar, MN",,43504,19927,797.375,64.976,45.152714,-95.004981
48900,"Wilmington, NC","Wilmington, NC",,285139,142046,1063.55,199.475,34.426033,-77.889634
48940,"Wilmington, OH","Wilmington, OH",178,42046,17942,408.731,3.602,39.416681,-83.804583
48980,"Wilson, NC","Wilson, NC",468,78844,36195,367.574,5.534,35.700357,-77.921598
49020,"Winchester, VA-WV","Winchester, VA",548,141695,60200,1062.73,6.493,39.272974,-78.471828
49060,"Winfield, KS","Winfield, KS",556,34769,15604,1125.738,6.688,37.234507,-96.837247
49080,"Winnemucca, NV","Winnemucca, NV",,17218,7624,9640.792,17.064,41.407914,-118.127591
49100,"Winona, MN","Winona, MN",,49889,21629,626.177,15.464,43.981353,-91.777044
49180,"Winston-Salem, NC","Winston, NC",268,672914,300101,2009.016,31.479,36.078852,-80.345064
49220,"Wisconsin Rapids-Marshfield, WI","Wisconsin Rapids, WI",554,74107,34466,793.038,16.214,44.461413,-90.038825
49260,"Woodward, OK","Woodward, OK",,24404,11485,2474.263,4.11,36.331293,-99.500686
49300,"Wooster, OH","Wooster, OH",184,116858,46483,554.789,1.946,40.829661,-81.887194
49340,"Worcester, MA-CT","Worcester, MA",148,973361,398682,2023.598,76.776,42.217311,-71.925535
49380,"Worthington, MN","Worthington, MN",,22223,8420,715.117,7.434,43.677686,-95.763132
49420,"Yakima, WA","Yakima, WA",,255151,89952,4294.512,15.903,46.456558,-120.740145
49460,"Yankton, SD","Yankton, SD",,23213,10307,521.189,11.072,43.006603,-97.388361
49500,"Yauco, PR","Yauco, PR",434,87673,43970,191.65,88.263,18.006724,-66.831733
49620,"York-Hanover, PA","York, PA",276,454605,186414,904.366,6.372,39.921751,-76.728889
49660,"Youngstown-Warren-Boardman, OH-PA","Youngstown, OH",566,542459,254004,1702.109,42.21,41.23646,-80.561784
49700,"Yuba City, CA","Yuba City, CA",472,179484,63610,1234.702,17.72,39.160969,-121.511833
49740,"Yuma, AZ","Yuma, AZ",,202944,91690,5513.838,5.117,32.773942,-113.910905
49780,"Zanesville, OH","Zanesville, OH",198,86346,38291,664.546,8.04,39.966046,-81.943506
49820,"Zapata, TX","Zapata, TX",,13945,6171,998.412,59.603,26.996981,-99.182603
